id,n_contigs,total_length,N50,L50,md5,filename
03-98DDCS,376,5266375,91892,19,2acb67999d2869e1a6cf9c7d946314ae,03-98DDCS.fasta.gz
0398KL,341,5355609,201871,8,41a43e940f2c9fb116fe622821fed539,0398KL.fasta.gz
16-00014371,132,5812240,207112,9,44713f7f8d50f104555ac693f9e9859e,16-00014371.fasta.gz
1658-pos,201,5799293,184267,11,50eb02f58ea0a3f4a33064e8a76e9505,1658-pos.fasta.gz
1736855-UT,44,4681000,449063,4,eb8795cd7cefc90d5721eaeffe58ccd9,1736855-UT.fasta.gz
18-00003137,103,5704734,270452,7,c0bc56cd69d08eef6c8ef31064e22928,18-00003137.fasta.gz
18-00013669,94,6052385,250465,7,8b3faf31822fff44a55584bf111c3832,18-00013669.fasta.gz
18-00015257,72,5045351,387544,5,93a3ddce27d7b768b33820bbb9c200ac,18-00015257.fasta.gz
18-00016593,73,5036332,332636,5,d04473a03f0bcbda726467c680ca0435,18-00016593.fasta.gz
18-00016595,70,5045717,387544,4,8d7dc4e992c912e1dbc0f739c4f52aaa,18-00016595.fasta.gz
18-00016599,85,5045238,319690,6,a649c43f2fa41bfc5c9a76bbaca86650,18-00016599.fasta.gz
18-00016601,116,5704243,237760,8,b4819ce6e4809f58b8e6136c08bf72a6,18-00016601.fasta.gz
18-00017823,84,5045474,233553,7,03e2ea6d529a6d7dc8b033bf8e5ce3be,18-00017823.fasta.gz
18-00020014,100,6181140,353720,4,0462dfc59dabe4797beac0638e6feb91,18-00020014.fasta.gz
18-00022125,83,5045717,297175,7,fb3964551dd3269c053f94c1cd99e270,18-00022125.fasta.gz
18-00022236,78,6118941,441856,5,fbc5341a031168c83159ef78efc81641,18-00022236.fasta.gz
18-00022237,96,5516048,304290,7,a25e4ccc7a7cf6fc2271a7ccbf4bad8b,18-00022237.fasta.gz
18-00022240,149,5728318,234017,9,f7edb2f68c2a2183a534f3385dfd3da5,18-00022240.fasta.gz
18-00022241,110,6109358,289558,8,822c7764a938fee5f2c77d924978d608,18-00022241.fasta.gz
18-00022242,63,5441974,720192,3,7afa6939f453fac49637578c521b32c4,18-00022242.fasta.gz
18-00022591,98,5626883,224374,9,91bcaebfcdb6413a048e0a903edc72a1,18-00022591.fasta.gz
18-00022779,146,5930439,220206,10,547ef4a5667f72ac850735006179f19f,18-00022779.fasta.gz
18-00023040,104,5521846,291794,7,66f2a72cdcb1d38f046d395437e14b91,18-00023040.fasta.gz
18-00023041,127,5711588,191940,9,45a741b6ed27283c6973daebe9bb2dde,18-00023041.fasta.gz
19-00000130,99,5520652,303495,6,941f8017c3ad7b1cbf5692630368755a,19-00000130.fasta.gz
19-00001696,58,2075679,106097,5,3b1abcb483f185996db85c0b9c955ce1,19-00001696.fasta.gz
19-00001697,18,1991241,364231,2,b2f85dddadf7dbc0594fd06793afbe9b,19-00001697.fasta.gz
19-00001698,29,1972767,261969,2,3f6cb82301aff486fb9691736203ce04,19-00001698.fasta.gz
19-00001699,48,2094407,159598,4,40bb90df124c171a2277b84e5887bac6,19-00001699.fasta.gz
19-00001877,155,5666520,206527,11,bcdd8ccdab6d334ad5d9e59369553a0e,19-00001877.fasta.gz
19-00001924,47,2106808,78508,9,334cf221afd2e65454fe06f6c834d7dd,19-00001924.fasta.gz
19-00002228,33,1972512,229679,3,cffd61d9cdab7c05e8239646d94271c1,19-00002228.fasta.gz
19-00003123,36,2022512,618411,2,e1ef7a86904ffa331556b7ed0cb0ca70,19-00003123.fasta.gz
19-00003623,31,1982805,613639,2,0eaf3730ff1a1c60413d21c6785be772,19-00003623.fasta.gz
19-00003691,29,1992419,364232,2,e592b4d9fd6661924ca5e9b71cfa975b,19-00003691.fasta.gz
19-00003955,32,2075910,150184,5,91a7b968d8d1477e1b0299434ac8f91e,19-00003955.fasta.gz
19-00004107,15,1988037,470274,2,78ed9ff5347f78f8b252717513317d7a,19-00004107.fasta.gz
19-00004122,61,2009422,124566,6,4465ddc165fca60700a3b6df68c8356f,19-00004122.fasta.gz
19-00006145,69,2112308,225673,4,aa6512d161dd81762d61fa834ee3d10e,19-00006145.fasta.gz
19-00017207,532,4754474,27365,52,1a3288ece101eabe7e98ab6692bc1cfb,19-00017207.fasta.gz
19-00017532,529,4683894,27333,52,97036dff9c527c0f6336e252d6474579,19-00017532.fasta.gz
19-00018382,537,4710969,27053,52,765ac44283e8831e1f122b157acbdb45,19-00018382.fasta.gz
19_101395,518,4612078,31954,46,cfeae73804e7ffb3a182032e97ff8a5a,19_101395.fasta.gz
19_101427,450,4560017,25722,53,808867973b74ef2ff47dd554a23b28ad,19_101427.fasta.gz
19_101678,440,4558714,25963,51,4ea41d79cbe0aba312648fc90e902353,19_101678.fasta.gz
194248-H,165,5662194,142289,13,73efaa018cd699d2270e9d624a14fa91,194248-H.fasta.gz
194250-H,110,5569656,272899,8,9272f6fef7e218d1038d4915fdf35881,194250-H.fasta.gz
19_72605,450,4321697,31448,42,f63f310daa7e80d956451d451c77c8c6,19_72605.fasta.gz
19_75077,494,4899429,31340,47,20bab1ef9c81ed77da35caf8feb6ef07,19_75077.fasta.gz
19_75549,481,4743150,32036,47,834b28472f6a61253bf32e9c0c5407b6,19_75549.fasta.gz
19_76730,551,4612455,32369,45,aa8bf27a6ad02018b7387708c6b81d6d,19_76730.fasta.gz
19_78199,568,4877190,27704,53,34d1e1141b377dfa492e2993eaead9d4,19_78199.fasta.gz
19_81806,593,4758411,34692,43,a91e130535fe6746050950fd9502f72a,19_81806.fasta.gz
19_93278,742,4875851,25061,56,f30c6845f7011935307c311e11f796c3,19_93278.fasta.gz
19_94885,531,4605495,25720,54,fee678d06117c38ffdb02e56b740c351,19_94885.fasta.gz
19_95802,530,4619354,25755,54,5fd89660c933a780122aeb9dd6e001e4,19_95802.fasta.gz
19_96397,534,4545981,33759,42,4a8db88bfc9b15b8504aeab9d6e31a24,19_96397.fasta.gz
19_97716,591,4775607,25362,57,9e46a05685f09e6f051e5f6fecc0b84e,19_97716.fasta.gz
19_97720,625,4788810,25389,56,bba502dc14150c59ba0495e9e9923004,19_97720.fasta.gz
19_98003,607,4786321,25389,56,b586ca659babc257782025e2ed70cdd3,19_98003.fasta.gz
19_98077,587,4795263,25362,57,9d1907412a988e6f9dea6a26222cc9e7,19_98077.fasta.gz
19_98314,583,4802669,25008,58,5f8251a7725ca353028ec8c04b34ffdc,19_98314.fasta.gz
19_99618,504,4560905,27963,46,8626d4514027265a4d12c41077d19311,19_99618.fasta.gz
19_99928,623,4768641,25720,55,2b5c53be543afc97d10513f1e2c1c313,19_99928.fasta.gz
20-00022658,554,4813335,25355,56,5e0d13c426ed7aabefca1ccf1e9cb119,20-00022658.fasta.gz
20-00022773,532,4680301,25720,53,ad84b6634c66136c832ef799d151e730,20-00022773.fasta.gz
2000027886,160,2158666,59582,12,3d285fb97f070567a067a45b0febf927,2000027886.fasta.gz
20-00087722,64,4688329,406310,4,55dff08a1b595ce46f99f1c29f1e0c93,20-00087722.fasta.gz
20-00087750,60,4686975,613244,3,3d09148705858bd7e75832c5d4bb9b2b,20-00087750.fasta.gz
20-00155734,153,5675531,129822,15,4e4b8d4eecc709320928386accdc3a13,20-00155734.fasta.gz
20-00155735,109,5633005,273080,8,5aaebfea2b2b2792b01fa0dc663bae1e,20-00155735.fasta.gz
20-00155736,144,5493492,147303,11,a8ad4158ad91256d547f6cbd815794a0,20-00155736.fasta.gz
20-00155737,132,5474012,148541,14,5325918c0924d00f69b6c4315e0166a8,20-00155737.fasta.gz
20-00159423,123,5367185,129389,14,011920d0b5293bc0de4d90eda0022c83,20-00159423.fasta.gz
20-00159425,143,5661912,130563,16,341fb803b1d0f1f278a5cb5deb284b2e,20-00159425.fasta.gz
20-00159426,108,5727080,181279,10,3bc2824039657ef0a2e0760779484023,20-00159426.fasta.gz
20-00159428,96,6336645,194502,9,4ad1d03edc6e44749b70c4935169f700,20-00159428.fasta.gz
20-00159432,190,4246379,272906,7,c3eed832fe7253982374cd2745e1d20c,20-00159432.fasta.gz
20-00159433,98,5502808,152323,13,4b37c0bff0ad4c1303fe80764b8d2943,20-00159433.fasta.gz
20-00159436,160,5639343,170060,10,59a84a6038aa6c60efdb110308da21c3,20-00159436.fasta.gz
20-00175806,192,5757793,199387,10,8172ada80447112bc0dac4fc47cfba31,20-00175806.fasta.gz
20-00175807,94,5485483,269398,7,a39bed1571f7ead55ef0ae3cd3c24497,20-00175807.fasta.gz
20-00175809,192,5678798,176849,11,45f0f151cd94837e928da2450ac9a289,20-00175809.fasta.gz
20-00194248,187,5658351,142289,12,f6de3661e9f6232b2dd85cd8f28b0121,20-00194248.fasta.gz
20-00194250,105,5568021,272684,6,91e3791978c083de7f9600a182f362a0,20-00194250.fasta.gz
20-00230865,171,5720387,167632,11,427368581aa8ee47e77034d73329858b,20-00230865.fasta.gz
20-00249817,122,5549906,336517,7,53b963d937f2271105cb59b73b07af5c,20-00249817.fasta.gz
20-00249818,143,6411302,236253,11,baee30593431569ce011c2ee067ffdb8,20-00249818.fasta.gz
20-00249820,123,5543948,344313,5,92d11050730a2e5fd4947a771ac7aae7,20-00249820.fasta.gz
20-00249824,121,6345196,364740,5,241c3c6a34bce8a664efedaf8c8255f7,20-00249824.fasta.gz
20-00249825,101,5416386,250099,7,5e826295adbbf297ed901aba23253a61,20-00249825.fasta.gz
20-00249831,189,5842785,255695,8,9cf79821388be200b16a897bfa38dc68,20-00249831.fasta.gz
20-00249833,173,5631800,165790,10,4512d731ba8c558d64ceadc0d8691d58,20-00249833.fasta.gz
20-00249835,130,5549253,137477,13,4ee0cceb0db8ca76e0728b54f2f614c7,20-00249835.fasta.gz
20-00249838,117,5487047,249120,8,6bca3704c2a6226ddc32ee3268053341,20-00249838.fasta.gz
20-00249842,138,5661182,160161,12,8085fdcbb3097c817a25dcc084ae8d00,20-00249842.fasta.gz
20-00249844,108,5474593,223670,8,7e095e8b8d211e22cc23cf306967af68,20-00249844.fasta.gz
20-00249846,138,5508091,323643,6,a8cb1b325755c7123bcda329d25d3b5d,20-00249846.fasta.gz
20-00249847,99,5482125,304259,6,5518c3813f7ba80985e01a26f6448d44,20-00249847.fasta.gz
20-00249848,344,5415052,43528,37,3d7d2baaaafe984ccf568cd02081d5c8,20-00249848.fasta.gz
20-00249851,142,5506815,317176,6,833b4aae60de0fafa7abad8f5a3cdfd5,20-00249851.fasta.gz
20-00249852,167,5669096,151500,12,4381f2b33566e29f5191f1bc3922034f,20-00249852.fasta.gz
20-00249854,113,5622371,268963,8,a1006471a3d7c6b62d083c8581ec8aec,20-00249854.fasta.gz
20-00249856,119,5517055,304257,6,51ce86cf534f543c9bda938e446cb53d,20-00249856.fasta.gz
20-00249857,82,5577106,349761,6,a714829a153ce17f80708b96166d3a42,20-00249857.fasta.gz
20-00249861,156,5628758,176849,11,2768cbc6476b7ad70160c97a488d8e9b,20-00249861.fasta.gz
20-00249863,576,5590933,27226,67,ba007a658db35b0f313cd68736ef3444,20-00249863.fasta.gz
20-00249866,171,5718277,181934,10,2b2c24893cc416b06459759e06c62162,20-00249866.fasta.gz
20-00249869,246,5653109,64263,24,d97fea806028591fcd255e80612a2c3d,20-00249869.fasta.gz
20-00249870,124,5405478,205233,10,6ee192dfa4fdbb419d2252e27173098a,20-00249870.fasta.gz
20-00249871,177,5713172,178455,12,05ce1f403465c632ed858357974179d7,20-00249871.fasta.gz
20-00283099,135,5561838,270421,7,4ad8d5de73c372a08f874500fdbb2bca,20-00283099.fasta.gz
20-00283100,129,5611053,250163,7,71443d6b4ac73e87b60dfbca21ce24c8,20-00283100.fasta.gz
20-00283101,124,5547659,152323,11,a1d704ee3157fb3b5fb59027e0651965,20-00283101.fasta.gz
20-00283103,131,5504736,329725,6,63335ae189f858cdd4980440d0bf03f9,20-00283103.fasta.gz
20-00283104,567,4715034,21819,69,678489778027fcb8bf0e1ddb564d7b00,20-00283104.fasta.gz
20-00283117,130,5368039,163584,10,292b1fd9acfb63b52ce41a73bcf6eec9,20-00283117.fasta.gz
20-00283118,143,5407669,201354,10,9b2a0e65dd60c80024f671c6561a3f90,20-00283118.fasta.gz
20-00302749,83,5366109,323505,6,9ecb29c36870ab64c78e145251133055,20-00302749.fasta.gz
20-00302752,52,5329047,541310,3,0e485324058724bff11c5289b7ccf44e,20-00302752.fasta.gz
20-00302753,116,4968111,190878,9,c4d9449b003565718a1c50445c8525be,20-00302753.fasta.gz
20-00302754,82,4894300,522791,3,0ee32486380058d63cf41273a5d28f8f,20-00302754.fasta.gz
20-00302756,133,5119997,263259,7,fc24babb711c14ef7aa4875d2896d6b9,20-00302756.fasta.gz
20-00302757,130,5383139,189984,10,7916c6b9e71c8797800573e0d9dfd278,20-00302757.fasta.gz
20-00302758,106,5281750,158541,11,f3b79ca728d88ac0f4d7add4958b5640,20-00302758.fasta.gz
20-00302759,117,5606657,146832,12,dd65483f7502f97840f91749b1ddc51d,20-00302759.fasta.gz
20-00302762,139,5409518,165462,11,7fa59f4674011890921d7cb964a7d839,20-00302762.fasta.gz
20-00307547,92,5594590,276096,7,75d9d6695c1ad2e590da58fc6caa5858,20-00307547.fasta.gz
20-00307549,197,5564700,303663,6,28a3519bf040eecf637b156696b036fd,20-00307549.fasta.gz
20-00307550,156,5540866,182034,11,d97f1c205490357bd8beffc9590be5ed,20-00307550.fasta.gz
20-00307551,106,5624980,216439,9,9930fef3fd3406e05ef64b0ec1f562df,20-00307551.fasta.gz
20-00317566,144,5536797,290004,6,0d5d159afb09f9d6f588f7ccedff822b,20-00317566.fasta.gz
20-00317568,175,5686755,308956,6,d63ce29f705a1aaca09ae68c043e967d,20-00317568.fasta.gz
20-00317570,81,5364649,305465,6,b295274bac7a2255f0893524687b116a,20-00317570.fasta.gz
20-00317573,162,5635509,190144,10,27e1b5e88989886d22fd949ef481b489,20-00317573.fasta.gz
20-00317578,160,5679497,176852,10,ee2202f841796bfa0ba448994dea37ef,20-00317578.fasta.gz
2100008333,138,2153572,58372,12,3ff64b61499830097406f872d5f57b74,2100008333.fasta.gz
2100009562,141,2134007,49291,13,129d0b7d44bb10c12cc8ae4fd995a0a0,2100009562.fasta.gz
2100009816,233,2177976,54632,13,34310213abae5063f8b6aac62875a1ba,2100009816.fasta.gz
2100010258,164,2141881,46984,17,934cac79ec1a5f0429c49246786a1edd,2100010258.fasta.gz
2100010653,130,2106372,64371,11,09b144f94f57550cb397876df0b0a006,2100010653.fasta.gz
21-00249822,140,5459944,314404,7,c1e1ad3e97877688d8c92d72c0bd05ce,21-00249822.fasta.gz
21-00302750,81,5404648,344403,6,bbf148fc6007307d19f5cbb2b71b3780,21-00302750.fasta.gz
21-00302751,139,5548340,232298,6,ef7ca2dc9682a398d5bd96bbef09ff8c,21-00302751.fasta.gz
21-00312932,129,4396655,101850,14,6371d8c36a614b09468e8564d93c3f2a,21-00312932.fasta.gz
21-00325050,116,5242407,218581,7,625f41de1b4c40d2ee2b1726bde9270d,21-00325050.fasta.gz
21-00325051,195,5633944,206479,11,aa3319b2f05e2384a8fcafabe5f54e23,21-00325051.fasta.gz
21-00325054,136,5517505,223591,7,69ce7c8c7d7a60fce8550659332fce2e,21-00325054.fasta.gz
21-00325056,117,5593351,230910,9,349fcb1852a7b03f5a8b898b55bbaaff,21-00325056.fasta.gz
21-00325057,127,5458995,137388,13,b1b2e2f3ad04f559c6108c5617e31297,21-00325057.fasta.gz
21-00325059,99,5600655,236464,8,2ad69f3aa669b44a5dd197267d1cd86a,21-00325059.fasta.gz
21-00325061,119,5529906,143579,12,e2396037e841af282319f0e5b4d1efe4,21-00325061.fasta.gz
21-00325062,144,5562599,313783,7,ece6d2ff495b4ff3f9c33f55a447f8a0,21-00325062.fasta.gz
21-00325063,123,5552140,304257,7,f64c7c4a0dcd93c3de39a38fc949e978,21-00325063.fasta.gz
21-00333645,117,5488379,188813,6,06cd27bdb95b79346ebd2f086074a3a0,21-00333645.fasta.gz
21-00333648,134,5499804,208144,8,8f421cdff5d991429860b335891a210d,21-00333648.fasta.gz
21-00334467,121,4397004,103976,13,da752d23c01526009e3f7fd2b94507ae,21-00334467.fasta.gz
21-00336476,92,5401239,198923,9,f48e48c04b54fc19db935ffb552c9181,21-00336476.fasta.gz
21-00336477,95,5483649,220925,8,d504e6db9a14f97aa2ffd147986d8f57,21-00336477.fasta.gz
21-00336483,87,5356350,182714,10,344a82910c5692030e194cec86e0ff78,21-00336483.fasta.gz
21-00336485,152,5582824,141655,11,1ae5def3bc3be3845bffae4ae382ea74,21-00336485.fasta.gz
21-00336491,70,4943149,313028,5,d64fc2c15994c20b27d4cb11a92834bf,21-00336491.fasta.gz
21-00336493,114,5484469,242719,7,8500866ee391ec1d46c24be1ca9ffd1c,21-00336493.fasta.gz
21-00336494,137,5470922,206495,10,2fc01517125aec9062db9e7779542127,21-00336494.fasta.gz
21-00340612,105,5593989,228598,8,3b417aab0bc44122610fd014cc7898c0,21-00340612.fasta.gz
21-00340616,137,5612595,228791,8,0dfef9c60e978eed36bfa6a19faa8a30,21-00340616.fasta.gz
21-00340620,156,5841885,191846,11,9a76892c4f0ddfe1b83a7b7ad00235ff,21-00340620.fasta.gz
21-00340623,108,5440539,232298,8,0bb59befa1d092355e42e8de0ec91ba9,21-00340623.fasta.gz
21-00342440,97,5130471,293296,6,037ea611e6fd347e691245c9c351c0b1,21-00342440.fasta.gz
21-00342461,105,5574040,197922,10,d2c119fd28d650dc3edffedd997fe894,21-00342461.fasta.gz
21-00345447,87,5598772,250123,7,d3952e1df8834432e3620fd233c36d56,21-00345447.fasta.gz
21-00345448,130,5547063,345202,7,503850e6913cbbe0d3f2cc7538528d76,21-00345448.fasta.gz
21-00345449,125,5544489,250298,8,799ad367f48c0d1f881edca4d1acbd1a,21-00345449.fasta.gz
21-00345450,77,5648120,230870,9,38e3b009ee4bf69f849b9e6469a0acb2,21-00345450.fasta.gz
21-00349260,45,4892140,863097,2,9295b9b4f97b8cc14cac9e3ed4725b83,21-00349260.fasta.gz
21-00349262,112,4592305,115555,14,894b81407be09ab36b03b29afff71e8b,21-00349262.fasta.gz
21-00349263,192,5574009,135886,12,8fe6e9f1bc454996fd86c4a1aed239c9,21-00349263.fasta.gz
21-00349264,133,5232824,185678,10,aafecc8c7daa101ea8a2eb11fad574ac,21-00349264.fasta.gz
21-00349265,142,5470939,190109,10,a43823a437350040746e71501e27f4af,21-00349265.fasta.gz
21-00349266,400,5214092,62201,24,e7585ac31fbb5a13bc18b65fbd702c88,21-00349266.fasta.gz
21-00349881,78,5417174,384497,5,4f3214a04077a6c560e834c4baca960d,21-00349881.fasta.gz
21-00352139,79,5486526,404145,5,791fe0fb2c338dbe1be5de6f628d1d8e,21-00352139.fasta.gz
21-00352982,49,4702458,481290,4,3fcc1bbc91dae320393553e253c3cc13,21-00352982.fasta.gz
21-00354151,103,5538565,269392,7,e3eee822557af3ef01acb15e36099f6b,21-00354151.fasta.gz
21-00355229,144,5514665,136614,13,7c35919991fee1312a8592ac19a76283,21-00355229.fasta.gz
21-00355232,100,5518121,250295,7,03c76b8e41767d46cdd8fb74db721108,21-00355232.fasta.gz
21-00355235,87,5490399,304258,6,96879fc4c9126445f42aa3f58cab6fb0,21-00355235.fasta.gz
21-00355237,191,5697277,143618,11,23dc1cfd9134cb46878ca54e5bb94553,21-00355237.fasta.gz
21-00355240,123,5595021,217251,9,04b0c913f4cd6d09d6323d1bbb11f74c,21-00355240.fasta.gz
21-00357388,179,5839843,263581,7,56bb13459c1be5458c139fd9d3ba0d51,21-00357388.fasta.gz
21-00357389,158,5528319,134999,13,8d499b737e346ce07e155ffaefe66a43,21-00357389.fasta.gz
21-00357391,74,5399794,350526,5,d76d498289188659a1386756bca698f5,21-00357391.fasta.gz
21-00357392,212,5683968,131983,14,9e5e77bdccc13fcd4751680dcb3de397,21-00357392.fasta.gz
21-00357393,121,5410869,141340,12,afa5e967b160c09f093b03e2db330a34,21-00357393.fasta.gz
21-00357397,131,5549376,269795,7,8765bbd11ae327c11eb0ee15560e7fa4,21-00357397.fasta.gz
21-00357398,162,5586238,145149,12,e075e4642605c9351567803cc461890f,21-00357398.fasta.gz
21-00357399,105,5485365,243272,7,c645651d375a0a4bb63a10e5ec308773,21-00357399.fasta.gz
21-00357400,174,5667357,178475,11,4d0f8ace37ff56df27736ff663d85f46,21-00357400.fasta.gz
21-00357401,151,5694607,341438,7,80cc0d1c69d34d3df5194c908f1061b3,21-00357401.fasta.gz
21-00357402,103,5217199,212485,10,7b3c2c44db5eab766cb7fe8324bae214,21-00357402.fasta.gz
21-00360763,76,5450536,143329,12,3b72ee7b0a78e8ff2cf469053a2c23ee,21-00360763.fasta.gz
21-00360765,114,5175207,164800,9,c7b99ff3c9fcbe85eb714f01f409d90e,21-00360765.fasta.gz
21-00360766,158,5556938,112534,17,320fb76353af6d3ec763d92809fd8071,21-00360766.fasta.gz
21-00360767,149,5568293,134149,15,1ea558e37669edacd35f43ca1f24811f,21-00360767.fasta.gz
21-00360768,146,5504990,126809,15,2560ffd0c0037478fcc4a4f83b72e438,21-00360768.fasta.gz
21-00364020,213,5693597,129389,16,bd3365c940be253dfb249fbe22979e04,21-00364020.fasta.gz
21-00364021,105,6028729,229344,7,f0194f54ecb614762bab61fd5ca24049,21-00364021.fasta.gz
21-00364027,125,5533074,143332,12,4e3e22f7fabef0c5c7a78d00dd3fe8e9,21-00364027.fasta.gz
21-00364028,95,5455009,156598,11,73eabd5bf5a69c1d05858fbf7988c687,21-00364028.fasta.gz
21-00364029,134,5733308,127921,16,a596302ac03fc769873dbb52d1e51308,21-00364029.fasta.gz
21-00364031,140,5516364,132187,13,3a2ebd3d66ae4596749d91a0a86e11a3,21-00364031.fasta.gz
21-00364033,165,5621024,129389,15,9b0269f78e182aa81f45773b55522f17,21-00364033.fasta.gz
21-00364034,88,5473517,173420,10,632abe5594d66d00ad729bce2a480d33,21-00364034.fasta.gz
21-00364035,132,5520880,129823,14,f9d6c9d64816137dc0e721534d93cba5,21-00364035.fasta.gz
21-00364041,87,5639282,175456,9,85b8d3ce148421d3c1df6a0f9765cd6a,21-00364041.fasta.gz
21-00364970,94,2184745,72867,10,ea49168f71cdd69706c21e23c50d4dce,21-00364970.fasta.gz
21-00364971,85,2128924,59577,11,ebe2b0d67dc164bab2f7498e7984b834,21-00364971.fasta.gz
21-00365295,350,5842460,113248,18,9fd5abbc9ff3fc61bf940b583c7247d6,21-00365295.fasta.gz
21-00365296,420,5195696,122599,13,e53ed42e53b57df83e2dc83442d1c486,21-00365296.fasta.gz
21-00365297,44,1699918,158283,4,e2578b65352777db107aa12344bd4911,21-00365297.fasta.gz
21-00365511,168,5626308,130463,15,837e06c3f495373f7aae653b885a8692,21-00365511.fasta.gz
21-00365513,60,5006932,327475,5,faf5ae43d3c4ddc468596b9f344e97ea,21-00365513.fasta.gz
21-00365514,80,5400551,152323,10,a0391364e2fdd91ccec2e790da74ae83,21-00365514.fasta.gz
21-00365516,115,5529452,143330,11,82e56c24b49d5bb0711e15149ac06c70,21-00365516.fasta.gz
21-00366466,153,5506672,127786,15,8c517b78d23841dae0513f7eab2a9386,21-00366466.fasta.gz
21-00366467,206,5472593,155385,12,f9d3013b0a8b6e70a7fa5aca5f86cfa9,21-00366467.fasta.gz
21-00366833,45,4762322,538335,3,43ca17a3d3f4500a8cb164cb2941096d,21-00366833.fasta.gz
21-00367832b,69,4522105,471678,4,16b77f4c00f5b10a90c24d56d04a197f,21-00367832b.fasta.gz
21-00367992,76,4520455,333695,4,3f02fd436dbed44a8033f788db4f5c2d,21-00367992.fasta.gz
21-00368190,154,5535407,198703,10,1195f56f8c464f0383306ada871cc2dd,21-00368190.fasta.gz
21-00368191,85,5592745,162312,10,4cbd87e1ef8e0e9c3e851075f693c521,21-00368191.fasta.gz
21-00368193,86,5403277,152323,10,77666015eb01048aaca98f5fdffd88c0,21-00368193.fasta.gz
21-00368194,99,5617085,145032,14,e83c3e544fd4ecd820d9f65db76969fb,21-00368194.fasta.gz
21-00368644A,47,5043096,418498,5,d68d05ae6b8a83d9836eb5d4518bc2f2,21-00368644A.fasta.gz
21-00368644B,70,1665864,78104,8,8b06a215189922bbf644004cd758d3a5,21-00368644B.fasta.gz
21-00369431,407,4487391,22188,61,958a5d9c72a7c989d7b197d29a937939,21-00369431.fasta.gz
21-00369565,602,5690528,117942,17,56c18b72668b7492aabc721de101a214,21-00369565.fasta.gz
21-00369711,59,4668353,247465,6,7cc8b5b6fdb0718ae125d3b297f569ad,21-00369711.fasta.gz
21-00369713,55,4829281,443590,5,51bd445aa2fb593b9c4cd98069b61321,21-00369713.fasta.gz
21-00370301,83,5413402,206803,8,0fe705ae64b139c0c1eb2d1ae2864ae9,21-00370301.fasta.gz
21-00370302,91,5412595,193035,8,29ff60e32e2d90ccb884f4bde1e88999,21-00370302.fasta.gz
21-00370303,167,5620169,117019,16,fea4130ec3aae6e94b07a5a97d4039f2,21-00370303.fasta.gz
21-00370304,89,5508564,143330,12,4046645961329cff264b39247baef76f,21-00370304.fasta.gz
21-00370305,167,5111252,136754,12,2c301840a9240e0b7fa9ce6522eb126b,21-00370305.fasta.gz
21-00370306,108,5648232,152323,12,56b1333866df4ec3d24c7edcafd5b499,21-00370306.fasta.gz
21-00370307,115,3942787,162160,10,0324cc238bd941c975b5fe038adac1e0,21-00370307.fasta.gz
21-00370308,99,5547707,147303,11,bd7bb7963dfc3ab7ad6b50342c9d111a,21-00370308.fasta.gz
21-00370309,136,4750439,112343,12,d8116adb4c94f45f41f45214a8004cb1,21-00370309.fasta.gz
21-00370310,80,4862072,201820,8,f3d627b549e7c1a4a5418f8c543ebb6c,21-00370310.fasta.gz
21-00370311,91,5591698,151692,11,853ddb90736e8c20fee4f50151b9abd7,21-00370311.fasta.gz
21-00370312,51,4571166,496256,4,9875dc25fc1c3922b2cdd7977507e26c,21-00370312.fasta.gz
21-00370313,100,5648944,144142,12,8baa773e90491773eeb1c8dcec7b0a71,21-00370313.fasta.gz
21-00370314,69,4580675,554690,4,614d63f23c779c315eac609830ba4fb1,21-00370314.fasta.gz
21-00370315,106,4034903,162160,10,e48274a6f297d74ce5321d0e4f4caa93,21-00370315.fasta.gz
21-00370317,152,3976596,64974,15,eae06647c8073e1074f17e00aba4436c,21-00370317.fasta.gz
21-00370318,113,4024285,102981,12,0abaaec27af3707e09f0f0c6f308ef07,21-00370318.fasta.gz
21-00370319,116,4321505,151078,7,1e69649857a25f342ac02b9103bf4c8b,21-00370319.fasta.gz
21-00370320,92,4013719,158853,10,817e7655d452cd61549ab0f93ebed420,21-00370320.fasta.gz
21-00370321,150,3934265,63736,21,42ec28c9df4da5c7ae06bbca949d4e85,21-00370321.fasta.gz
21-00370322,57,6504525,302752,7,3422a0c0dc3c7a230d161e26df697faf,21-00370322.fasta.gz
21-00370323,124,6377407,272396,6,65e525aecb2f7686b608d54ba437a27f,21-00370323.fasta.gz
21-00370324,139,6699168,277820,8,57ac22dbf404716d894a52d33722bb2f,21-00370324.fasta.gz
21-00370326,120,7034066,237359,10,29f02871f6cc0305e541bde00d79c195,21-00370326.fasta.gz
21-00370385,24,1669498,154702,5,ae228698e6eb6bc40f4cda78f9691c92,21-00370385.fasta.gz
21-00370693,103,4679452,208153,7,59ad71d763b75ee2d5c631d9736941b9,21-00370693.fasta.gz
21-00371362,65,4787888,495473,4,bf633d252f55bb016abccaeb5d8002aa,21-00371362.fasta.gz
21-00371363,74,4941526,222915,8,99065cbc4ad296bbf26ff4fe4ce418e8,21-00371363.fasta.gz
21-00371740,149,4695002,68814,23,ec6aa45530feb0bf18b2878a3261a08c,21-00371740.fasta.gz
21-00372063,991,6720938,30933,58,7aef967f68e80fb00fa2e57515ec5db9,21-00372063.fasta.gz
21-00372500,426,5414489,99290,20,c550d11a2ecf7ca5d94e9d022d631399,21-00372500.fasta.gz
21-00372680,83,4705108,200084,8,e5d63387dc0daf46da331c41241c73ca,21-00372680.fasta.gz
21-00373409,50,4622502,214294,7,683ca0d49b469e2ccf4c7e9c0207e86d,21-00373409.fasta.gz
21-00373410,20,1716719,199468,4,7951001ecdc82e6e127b97faee445ed0,21-00373410.fasta.gz
21-00373691,388,5039708,81331,20,b62d348a5c7db4df1ea855a453893aa0,21-00373691.fasta.gz
21-00375467,87,5599952,353602,7,5a56e7d222f55abeea0f0b6ca0be927f,21-00375467.fasta.gz
21-00375469,132,5625039,216118,10,4c1ede90f86c77baf7d496dbfb5bb4e7,21-00375469.fasta.gz
21-00375470,142,5621939,194166,10,bd54c31f27cdd8783b3a39ec0f017272,21-00375470.fasta.gz
21-00375473,100,6041123,331186,6,e229f4c01e1347490314d694d18db3c6,21-00375473.fasta.gz
21-00375476,124,5556699,286099,7,56f632e6979fa695f33f8ae0933f949d,21-00375476.fasta.gz
21-00375477,326,5672388,86595,19,45f6a905a5ad88b003b43f0692f8782c,21-00375477.fasta.gz
21-00375478,84,5404314,269398,6,f75ac6742d53ac9360d638cf6d1cb2cb,21-00375478.fasta.gz
21-00376116,113,3931368,116947,10,348a2b7af24684915e42a05e3c0d114a,21-00376116.fasta.gz
21-00376467,84,5602157,272311,7,f34b3006e2852fa051c35a40656da24b,21-00376467.fasta.gz
21-00379180,25,1650105,203945,4,7a562ae816fed52bad86268611652b12,21-00379180.fasta.gz
21-00382472,92,5377674,300509,6,30230663b5b238d48702221af8cd8555,21-00382472.fasta.gz
21-00382475,113,4969777,182139,10,e609c14e53460e0f6200efd732b00755,21-00382475.fasta.gz
21-00382476,85,5607402,357135,6,559e2246d9d3345b976d5c2b6f57a932,21-00382476.fasta.gz
21-00382477,81,5396131,329187,6,ffc36fbfb2f4d5d38249fdfaab9f80c9,21-00382477.fasta.gz
21-00382554,62,4681974,537641,3,d5a8c2f6fadd68fee3fac689e32ff984,21-00382554.fasta.gz
21-00382555,27,1675152,154882,4,c172e5dd28dbc1aec164b22c00a0ec5a,21-00382555.fasta.gz
21-00382557,37,1670139,394507,2,c108b6e28eb90ccdf2e656200a79b400,21-00382557.fasta.gz
21-00384581,116,4477842,261471,7,28d8bb0191e3c609701c46535af068c7,21-00384581.fasta.gz
21-00385477,173,5587260,142289,12,d9000a4f8aa30813725f5647fc027041,21-00385477.fasta.gz
21-00385478,124,5394473,167264,10,73b3875369f18be6212992e582d962e0,21-00385478.fasta.gz
21-00385479,58,5490384,524871,4,7896c8ba3f2b5ce8e1add1f15afcffa3,21-00385479.fasta.gz
21-00385480,163,5642444,143618,11,8ab1461e3eb76c8ff909f07201613186,21-00385480.fasta.gz
21-00386716,166,5654370,224993,9,e7c8f62486d600855c532061a54bee4b,21-00386716.fasta.gz
21-00387510,45,1798860,158798,4,8ca3c6211931cc9d61bcff74f3e44239,21-00387510.fasta.gz
21-00391665,101,5498887,311527,7,bfbcf56fb522a1eb73abddf60fd279cf,21-00391665.fasta.gz
21-00391666,108,5588657,269366,7,c6d22b73905e1e05df566fc61d187a83,21-00391666.fasta.gz
21-00391667,126,5824378,332857,7,395b8865a17f5f5bd4ae86b6ee900579,21-00391667.fasta.gz
21-00391668,103,5455225,231126,8,e103fb2a708e024a1510eb0894316619,21-00391668.fasta.gz
21-00391671,64,5056557,598917,3,798edd395acb648069d237306a8ece6a,21-00391671.fasta.gz
21-00391672,108,5533275,270144,7,183005347f5251f5542619a5c137d06d,21-00391672.fasta.gz
21-00391676,130,6253885,215848,9,645f8fa5facd316ead28a1f0d9f8c612,21-00391676.fasta.gz
21-00393597,77,5208695,522872,4,440401acb4cfe76d79a3fb19ac4f2ca8,21-00393597.fasta.gz
21-00393598,98,5301120,333148,5,98e560f55b484d88fdf6a13fd18cb300,21-00393598.fasta.gz
21-00393599,114,4973071,233458,6,fa25a418606322ba434d44b37f13aae6,21-00393599.fasta.gz
21-00393600,101,5388283,543368,4,2359807637001b1d8e4820a59cb6c132,21-00393600.fasta.gz
21-00393601,81,5274901,549070,4,52832185f28898e7983f47bbe8273788,21-00393601.fasta.gz
21-00395007,132,5456518,150835,11,e15bca01139029ea4eed39de6a57ae8c,21-00395007.fasta.gz
21-00395008,128,6258060,215848,9,b688016f44d240f38a7022325526d323,21-00395008.fasta.gz
21-00395009,170,4348341,164419,7,6573bf7c240c5abfe00c6b38e3b8fbc1,21-00395009.fasta.gz
21-00395011,171,5656440,141661,12,1cf69316e03a570b98ecaebbc523cfcf,21-00395011.fasta.gz
21-00396531,23,1691996,179818,4,0ef379251b22eb2cb57ddbe182b3c229,21-00396531.fasta.gz
21-00398555,140,5645220,173754,10,140ed974448eb78bc96cb4c632481601,21-00398555.fasta.gz
21-00398556,210,5776116,137405,12,1ef9d09109420d2e20ee1d08ae5028cf,21-00398556.fasta.gz
21-00399187,95,5334499,456152,3,cf1e1483a948deb4c40cd7ee03e638b5,21-00399187.fasta.gz
21-00399188,101,5284146,381114,5,a47e54b60b0e7996cace3e3903457eb5,21-00399188.fasta.gz
21-00399189,91,5298211,377124,5,4b5180bfe0c17c1fda833788326e6abc,21-00399189.fasta.gz
21-00399190,134,5482035,269041,8,2ff015f4f66c7e54574bad6f44ce387b,21-00399190.fasta.gz
21-00400696,23,1676706,164020,3,7c07b8e53410940586afd13ac8062863,21-00400696.fasta.gz
21-00404510,34,1746419,145282,4,cd0bd603eba290bcd120d3c38d1bfb8e,21-00404510.fasta.gz
21-00404878,79,5408358,329725,6,1a28454a2730460190b54a91e171686a,21-00404878.fasta.gz
21-00404880,119,5675451,249244,8,3d680289b005d9e7f2a95fd75f2ce337,21-00404880.fasta.gz
21-00404881,148,5554517,248442,6,36121dec95e6a8b9b1fd56040bb6ebb3,21-00404881.fasta.gz
21-00404882,79,5399712,329587,5,1707472bfb683d1dc70fd33df35762e3,21-00404882.fasta.gz
21-00414282,269,5048091,120998,13,11104c4358505f29bfb53e5bc24e52fc,21-00414282.fasta.gz
21-00414283,27,1747729,154412,5,f5468faf729e61d4400037415ad579ba,21-00414283.fasta.gz
21-00415397,28,1667602,295344,2,9d555aa8c76bd755a79e54bd2f1a2802,21-00415397.fasta.gz
21-00420739,86,5300404,299414,7,09ac8910778847d5464373ec0dea55c7,21-00420739.fasta.gz
21-00420742,115,5020888,271329,6,d18432cd1646e11d9b4d6052ee2bb27f,21-00420742.fasta.gz
21-00427528,65,4547555,227473,7,98be8b805291b1378afebbedb374887b,21-00427528.fasta.gz
21-00428011,33,1620339,182638,3,1d7ad8b0d146a8ed60fe25949bbfa55d,21-00428011.fasta.gz
21-00429505,91,5555124,473617,5,7714424de6081017954d4d41d0469510,21-00429505.fasta.gz
21-00432145,110,6050301,139538,14,fc287c176aa91b8053eeddb19fe2f350,21-00432145.fasta.gz
21-00436328,85,4628336,279431,7,ede03da3b0e405159ab2a952420edac6,21-00436328.fasta.gz
21-00436338,153,5675771,178730,11,0863dc3b705f5819116add8fde6ab602,21-00436338.fasta.gz
21-00436339,100,5535655,313937,6,6edecbc53a9cfb1fd0baa54236f6c70d,21-00436339.fasta.gz
21-00436340,118,6133420,264997,8,20da95a7952708b4d2333729930f31a3,21-00436340.fasta.gz
21-00441996,27,2973617,505687,3,912039a04f37a696495f418cd8710e4a,21-00441996.fasta.gz
21-00441997,31,2973996,414740,3,4d2ef807d4871b9ceaf681cad348b539,21-00441997.fasta.gz
21-00447058,91,5467405,323615,6,f2e27be96cb7fb124834c8a5ac6e97ad,21-00447058.fasta.gz
21-00447060,105,5017249,315334,5,2278692b2c9d53daaac8459b924cf8f7,21-00447060.fasta.gz
21-00447061,111,5649057,341438,7,1b60a10e8c438b075e0b6c6f5177836b,21-00447061.fasta.gz
21-00447109,243,5036782,120529,15,2621086df5083c736114ee4b120b55bf,21-00447109.fasta.gz
21-00448434,59,5044066,730705,3,e4279db7fcea13441c2efffb6ebc6ab0,21-00448434.fasta.gz
21-00448435,131,5020538,315424,5,fb05e87a68c2eb080543c8cad1273e67,21-00448435.fasta.gz
21-00449391,157,4372846,89413,19,2f8062cf4986c927602ee0f606a88d9d,21-00449391.fasta.gz
21-00450317,4,2498547,1519767,1,ce27fdaaeac8152295d307ee9932fadd,21-00450317.fasta.gz
21-00450717,18,1606121,358773,2,623987ba12832d62bf6bdb82c97d6c6e,21-00450717.fasta.gz
21-00455247,59,4722938,384273,4,28297315ae3366d759241002e8162570,21-00455247.fasta.gz
21-00456377,144,4381234,87029,18,5cfd46521a92b78df2aba43e9078ecd1,21-00456377.fasta.gz
21-00456902,81,5557986,358315,5,ba0c0fdb8c2a1f70f55a0902db58f628,21-00456902.fasta.gz
21-00456903,110,5593934,273080,8,f6dbd1fedd7252caac671ba8b0010389,21-00456903.fasta.gz
21-00456905,74,5382429,349963,4,c516e191acc4ed81fe41c31446a0cca8,21-00456905.fasta.gz
21-00457725,122,4361383,132013,12,72c75bb8f467063ae0a0743f8835bb46,21-00457725.fasta.gz
21-00459238,303,5337804,87447,20,080c7b7398733cdea90526c100c3ad72,21-00459238.fasta.gz
21-00459387,401,5264761,99645,13,f9d5ba82825efd1879f027aa92bef2bd,21-00459387.fasta.gz
21-00460396,62,5238545,386205,5,06d462616f34bcc54be8294fbd42a8c0,21-00460396.fasta.gz
21-00460893,49,4790173,285640,6,f58c993869ed80403a9b63d5b1e1a16f,21-00460893.fasta.gz
21-00461023,309,5292754,233261,8,12767c1e85bcce90574d046915103e48,21-00461023.fasta.gz
21-00461173,29,1633455,160524,4,bab39c229c52d0991de4b473367e6f2d,21-00461173.fasta.gz
21-00461366,136,4374098,95852,16,1405cf186d6188241908aac869632b13,21-00461366.fasta.gz
21-00463578,394,5263652,104165,13,c7918fd472c4ca1beb1ed0486036deb2,21-00463578.fasta.gz
21-00463579,406,5264854,104165,13,9c6fff02b44b91c65bc725a4fd0d1b5a,21-00463579.fasta.gz
21-00464567a,124,6381018,235434,10,d754f1756f0e487db375cbb272a925ca,21-00464567a.fasta.gz
21-00464567b,122,6381902,234058,8,77cf33dd897f7853fa509817f5a4509c,21-00464567b.fasta.gz
21-00464568,314,6421448,57980,39,040fb2f13f94ac95c848dda6888bee6e,21-00464568.fasta.gz
21-00465636,137,5559038,226698,8,74392056d77381d7f5f8d38e46eb21bc,21-00465636.fasta.gz
21-00466411,266,5760104,101267,17,13f6bf0a928b30ba9a870b3aca4e4294,21-00466411.fasta.gz
21-00466423,171,5626989,175949,13,0466cf70982bfedc7ed49cae6751ed1c,21-00466423.fasta.gz
21-00468068,2863,5781202,16792,85,82dc5d5972529e967ec60f7d78fe41ca,21-00468068.fasta.gz
21-00469114,71,4931914,567570,4,c60cbb18ab41320ded60c9cc4f749539,21-00469114.fasta.gz
21-00469876,127,4735876,215466,8,a80338825c25e49d8a4c146ce8e0a45a,21-00469876.fasta.gz
21-00469877,58,4686382,537136,4,dad952e4a82656e14cbb56d5623fc063,21-00469877.fasta.gz
21-00470136,170,2128259,54509,12,be30dd22431c2b310688a9308cced1ec,21-00470136.fasta.gz
21-00472045,97,5717571,223332,10,c786ef9622d5d0bbbb7c27b5f2801cdd,21-00472045.fasta.gz
21-00472923,31,2999923,544893,2,1e1915529b33ae8d98022db4068820e1,21-00472923.fasta.gz
21-00472960,48,4678606,410582,3,6e1b99f2dbfc08495132b7663d7775f7,21-00472960.fasta.gz
21-00472961,84,4763904,426193,4,7bb5c6cc5974b0caef8a68b7cd015f50,21-00472961.fasta.gz
21-00473675,415,5475166,160663,10,f7440dc5918329ade15002b3093ea7cf,21-00473675.fasta.gz
21-00474597,169,5772812,142692,13,deb038d62ffffdb1291f466d7412b5c5,21-00474597.fasta.gz
21-00474687,47,4743740,410582,3,54f4c34d32626fd32245b91fcd05c9ca,21-00474687.fasta.gz
21-00475198,930,5391509,25365,64,ec0a27b91f880ccd578230c8461f495b,21-00475198.fasta.gz
21-00475200,115,6005173,222926,10,418194792e4fd01e9d8fc81d55551700,21-00475200.fasta.gz
21-00475204,17,4888128,1042297,2,1b3b8ec0fe85b00552ae16ef8bdff88b,21-00475204.fasta.gz
21-00476192,101,5490031,323505,6,d67736da1ec22429309dafaa7562bed8,21-00476192.fasta.gz
21-00476670,2190,4790818,25297,53,b5564d8f4e11f9a7fb2016bf65654997,21-00476670.fasta.gz
21-00476811,81,4910949,381889,5,1b533435437bd1d31ba0c25552e38a85,21-00476811.fasta.gz
21-00476814,54,4878318,417948,5,e4883f2103b95935a8fd7fb66dfd72c2,21-00476814.fasta.gz
21-00477330,1443,5353511,13942,104,8f8ab0a0f06544159c4f1fcb3a5fdb53,21-00477330.fasta.gz
21-00477341,935,4575919,26494,56,603b116e6917502624530cff7aaf2954,21-00477341.fasta.gz
21-00477940,40,4739025,481574,3,65f1c3c6860b666339e5bffdaa9928a5,21-00477940.fasta.gz
21-00477941,106,4793891,489115,4,d217f26839c8218265283e34572f167f,21-00477941.fasta.gz
21-00478397,70,4904862,416785,4,0fbea4cf0031786fae5dd13d1df29ac7,21-00478397.fasta.gz
21-00478587,59,4546497,234270,5,2c0868836e840a1a2009a862822c6708,21-00478587.fasta.gz
21-00479903,22,1613878,181405,3,1668a9e026d235b42adffc32bda6d004,21-00479903.fasta.gz
21-00480757,70,4928107,246565,6,4dcaddd045e2c7bf25576d0f3989477e,21-00480757.fasta.gz
21-00482604,75,4767153,229173,8,1dff4bb0b242e34fd8fdd16a3338069d,21-00482604.fasta.gz
21-00482933,419,5447182,222018,8,ae812444c92131e5ea1bbddacf261705,21-00482933.fasta.gz
21-00483411,98,4791245,443438,5,c017f779ab6d9519151f5b4d52c7a355,21-00483411.fasta.gz
21-00484301,35,1610137,145998,5,239af41e0e5b730413adf574389a79bb,21-00484301.fasta.gz
21-00484969,228,5810725,161621,13,58f525f19b63f959a791fc0aa146304b,21-00484969.fasta.gz
21-00487232,59,4546497,234270,5,b3d5d7de3c14ec3971bba45b260f7b72,21-00487232.fasta.gz
21-00487531,79,4642212,355503,5,0cdd68fb92da811feb0721a1e687d34a,21-00487531.fasta.gz
21-00488171,94,4596742,108984,13,fbbc9330595f28de141a6522603fd25e,21-00488171.fasta.gz
21-00488642,129,4410467,124877,12,0eb7c2c9b80fb31f7fdd664bc106bc16,21-00488642.fasta.gz
21-00490089,40,5148491,532745,4,156c41fc19194177785b33ec642e9413,21-00490089.fasta.gz
21-00490090,108,5076419,282605,7,b706601adab08fb659966faf988ee254,21-00490090.fasta.gz
21-00491399,268,5308719,93032,18,12b15d16677ad179b50ee6d659e69b6f,21-00491399.fasta.gz
22-00002559,158,5065039,200468,7,109456e4f16feb04de91d05273358c4f,22-00002559.fasta.gz
22-00010858,153,5400648,149269,11,30b43087f833e3ef6faf7c1ceb9834a4,22-00010858.fasta.gz
22-00020994,65,1608553,146467,5,7264bbfe0a2831f369d9408a7c61de5c,22-00020994.fasta.gz
22-00021095,90,5489317,313936,7,23594a99d64d6a9e7768072f6c6cfdf0,22-00021095.fasta.gz
22-00021096,75,5262686,305584,5,0fdef3a6a45375783e55451a71ef35bf,22-00021096.fasta.gz
22-00029642,32,4790852,576877,3,22fe108f7fb2f72fc201e6f310244a0b,22-00029642.fasta.gz
22-00032938,748,4690852,30335,45,0a5ac6b6df37bf616455bd672c7f2506,22-00032938.fasta.gz
22-00032975,118,5319968,186543,10,4854ce9333861ef5f490f81a6d7d8966,22-00032975.fasta.gz
22-00034380,108,4751706,237625,7,86f939a400d0c1f2db25f1b565e01037,22-00034380.fasta.gz
22-00034782,346,5752647,95519,19,1b1bf5d1b400800f17643f23bf82e026,22-00034782.fasta.gz
22-00034821,586,5533898,103394,19,25ad5a33c1acc7cb50e8fe88d76d3fd8,22-00034821.fasta.gz
22-00035644,31,1739619,179663,4,5228ce70b6e4238643eacd31a16df6f7,22-00035644.fasta.gz
22-00035645,46,4865924,247465,7,94f8e5ce0caeb0bd2a1d606f2d74ef30,22-00035645.fasta.gz
22-00036754,239,5361922,107264,18,ea629356ebef42ee75cb7f97ebf48b9c,22-00036754.fasta.gz
22-00040286,1016,5265607,24142,70,bddd293c927de9b656845812d9adfd12,22-00040286.fasta.gz
22-00041256,1750,4687679,21205,61,c090f81bff64ebad5537198dea2bf740,22-00041256.fasta.gz
22-00041481,116,4030628,162159,10,386ca43a350640f730606cf00783031f,22-00041481.fasta.gz
22-00041482,144,4009870,82901,16,4ee8651c4e1b01aeb76d9d43907659d2,22-00041482.fasta.gz
22-00041483,113,4031571,157745,11,dbd307b0bb2dcbfb9b41915b5488caec,22-00041483.fasta.gz
22-00041484,110,3932340,168248,9,e312a8e1b471f60b104abaeba5de0db7,22-00041484.fasta.gz
22-00041487,145,6663218,320882,6,4a8d85b165791fd89b71238be7b266b9,22-00041487.fasta.gz
22-00041488,108,6442863,326102,5,618809025ac9b154e3e37b9a46c6235c,22-00041488.fasta.gz
22-00041489,86,6401876,305345,6,ea12d1827d8431b578b7454b5903a4b9,22-00041489.fasta.gz
22-00041490,102,6762734,367931,7,fe174fcbbd8a33cdded165b0655f0544,22-00041490.fasta.gz
22-00041491,101,6885767,399567,7,8b4736d4236b4372fd992b31343ef940,22-00041491.fasta.gz
22-00041515,30,1712109,154662,4,79c7c42e0c07f9bd259f50380c6809c9,22-00041515.fasta.gz
22-00041518,245,6870161,251825,10,864a2ffb969d6804b21f82af356e3ac3,22-00041518.fasta.gz
22-00041519,17,1692042,219256,4,0a56e4decbdd8787b95f9781dc1a68c5,22-00041519.fasta.gz
22-00042834,35,1670552,190155,3,9ac1a95655d437f714e6851601477fda,22-00042834.fasta.gz
22-00042835,38,1678002,221077,3,ed3da7f435eec1b658534c8bb5341031,22-00042835.fasta.gz
22-00043155,43,4662623,390895,5,bfe196d2d56f661dd2764c716d07665b,22-00043155.fasta.gz
22-00043156,38,4699364,410540,4,0fe209a664888bbffa1fe912250837ef,22-00043156.fasta.gz
22-00043234,107,4054988,153797,10,50ddc1a10a7dd06ca2163aea9b18dbb0,22-00043234.fasta.gz
22-00043235,93,3925107,168208,9,d762d1c4b06e05c559fd59a9cf37ec89,22-00043235.fasta.gz
22-00043236,100,3955462,162121,10,dfb8ee59b07fbda441dedeff5d978a00,22-00043236.fasta.gz
22-00043238,69,5651177,281317,7,297c3fc6e1c25ae9fdbf80bcbad37664,22-00043238.fasta.gz
22-00043239,111,6712724,239291,9,dffbc9c01e5e6c8bab23a8c3310f7b87,22-00043239.fasta.gz
22-00043240,95,6442898,250489,8,5bae5ca5106b1501b36832c907bd45c9,22-00043240.fasta.gz
22-00043389,74,6311118,591707,4,d6f5e6575f983ce4a054837467f46421,22-00043389.fasta.gz
22-00043515,107,6366491,411148,6,01682b0a14c6ba37063315742dbeb991,22-00043515.fasta.gz
22-00043554,129,6013305,201207,11,c9ddd638f5375a6433581942e3e1790e,22-00043554.fasta.gz
22-00043556,67,6356238,461597,6,1494193321f983824cab9494e0f933e8,22-00043556.fasta.gz
22-00043557,114,6969433,225900,12,9b498dc8dcbe3a46771fd55ebd35a4ab,22-00043557.fasta.gz
22-00043558,111,6814841,242662,9,caaada3cc8d40d26841d475f6959b37e,22-00043558.fasta.gz
22-00043559,45,3888486,342907,5,503b52701e932d2f6c2ade6e4088da16,22-00043559.fasta.gz
22-00043560,56,3893275,446059,4,46e663839b4b1ac54dfdb89dc1c7b57f,22-00043560.fasta.gz
22-00043564,1517,4635723,31815,45,52ddc39544caa753d61f6361decf4053,22-00043564.fasta.gz
22-00043565,644,4424064,32746,43,60065bc443f1e668571ef53fd8efca26,22-00043565.fasta.gz
22-00043566,214,4385499,64950,22,70ede39fa676debce94db2410aab4b7c,22-00043566.fasta.gz
22-00043567,1946,4734827,23505,58,b3357001d37353df464b4544c26f817d,22-00043567.fasta.gz
22-00043568,285,4412147,65953,22,6195ca52a3d37ddc3363a4bde7a5a59f,22-00043568.fasta.gz
22-00043569,162,6417994,262998,10,06e44719e5920d2fef729e4b4c15b8af,22-00043569.fasta.gz
22-00043902,186,5457133,87457,18,51a4eb76b5e9c63123e578c826813bcf,22-00043902.fasta.gz
22-00044244,118,5086613,214148,8,bf7381f1926698523a6ad0c9edd6e40d,22-00044244.fasta.gz
22-00044595,174,2974729,59046,14,12c00dc14bd99937428a016640473d9d,22-00044595.fasta.gz
22-00044713,54,3113499,126336,8,9e4d8356071519bd2edb479b71964e73,22-00044713.fasta.gz
22-00044845,77,4883904,512171,4,d1c76dfe05550018972d95a9613d9724,22-00044845.fasta.gz
22-00044852,515,5566879,144599,13,eadd9552ed4af99ec81b3893094bbe2b,22-00044852.fasta.gz
22-00045058,168,6646864,197052,14,a7a3a8734f956cd2f6b4c7720a21001b,22-00045058.fasta.gz
22-00045119,113,3861017,162517,9,d5ca6136349f41bbb698c67ef681f2c5,22-00045119.fasta.gz
22-00045122,106,3918945,168248,9,20ea984cc50190ab9b4d39c0cdab1c2f,22-00045122.fasta.gz
22-00045123,110,3995831,160251,10,bb655408f7670c1c57bb22867013688f,22-00045123.fasta.gz
22-00045124,113,3934428,168248,9,8dd9c2e4e3820d8f2be52204d90ed9b8,22-00045124.fasta.gz
22-00046139,53,1706535,175588,4,f08922be7074e399a2dcd9d02dcf4c44,22-00046139.fasta.gz
22-00046709,24,1688970,154230,4,69eaaddc7271519041c5bbae9ceb0926,22-00046709.fasta.gz
22-00046725,106,3922337,114362,12,21bb79310ad21d5c0e559f0feb793fe5,22-00046725.fasta.gz
22-00046726,110,3971671,162160,10,8b231f5b29b0877c34d7833e951335a0,22-00046726.fasta.gz
22-00046727,102,4032048,166510,9,a30771b5c23e27f954cb90c538ea0aad,22-00046727.fasta.gz
22-00046728,130,4034048,161614,10,7f9555625c87072105c4bbacec26d3be,22-00046728.fasta.gz
22-00046729,89,3919907,123951,10,ddfc4e6fb34079ecdf30b4d13c18904a,22-00046729.fasta.gz
22-00046730,138,3996128,110020,12,153abe5c8c779247a0553cae9c54c788,22-00046730.fasta.gz
22-00046734,117,6277437,395741,6,50b6d2bac0c44d6c3c570b2341096798,22-00046734.fasta.gz
22-00046735,115,6892028,368496,7,b74c1e3a1a00a942c16433a621160db1,22-00046735.fasta.gz
22-00046736,66,6395460,407835,4,2ac445fbf91a62c02619b7930843675f,22-00046736.fasta.gz
22-00046738,194,6817327,328277,6,d38898b60e3355df1e6949fe5fe41ddd,22-00046738.fasta.gz
22-00046895,62,6331963,799517,3,2bd6adf171cb5cf8110d879dde6ef03c,22-00046895.fasta.gz
22-00048560,97,3972125,160586,9,9ec0ae5ab6256936a28038e2969b02c4,22-00048560.fasta.gz
22-00048561,125,4039674,168248,9,e9799f46a5ca24784ff02c275cb9f431,22-00048561.fasta.gz
22-00048563,142,4005678,78457,14,4f7155e255a3aca993731ba1e038661c,22-00048563.fasta.gz
22-00048564,107,3926570,157614,10,456740a63f65bb7fbf24cbd6be85ab7b,22-00048564.fasta.gz
22-00048565,198,5266480,112655,16,7e6c5445f94eaa60071f0d94a507c61a,22-00048565.fasta.gz
22-00048566,144,6262207,209691,12,2f294498f086940030ed9f7219f4f7cd,22-00048566.fasta.gz
22-00048567,149,6653595,201650,9,6f200186345ff86ea2c60306ff67fe21,22-00048567.fasta.gz
22-00048568,65,6731859,413305,7,a68c5874f7b2e34339615db6cfde01c7,22-00048568.fasta.gz
22-00048569,98,6363144,408158,6,b74ff8d2891c7c625f1acc86a5ab3d29,22-00048569.fasta.gz
22-00048570,136,6426374,237551,9,5b0370380c82c23e6169f21d996e9a2b,22-00048570.fasta.gz
22-00048571,329,7015651,201142,10,6ff87f14b38119944db669f54d6bf9b6,22-00048571.fasta.gz
22-00048572,112,6928708,411205,7,bc364e11ba20a55276085a60a35e9b0a,22-00048572.fasta.gz
22-00048573,130,6878835,231700,9,c9f9b72e4ec0f33493bf48d98fff4169,22-00048573.fasta.gz
22-00048582,33,1665951,295468,2,4a269a6c98d9f8d5fb06bad16ce2aee1,22-00048582.fasta.gz
22-00048693,55,4978676,401937,5,78d0d1cf5a9db3334ed568371e59c7ef,22-00048693.fasta.gz
22-00048694,26,1706555,155079,4,ceda6f8c238fb3814123ac3f1e81feac,22-00048694.fasta.gz
22-00048943,132,4042584,113688,12,54686068a7b79a221a501a586ab49dcb,22-00048943.fasta.gz
22-00048944,131,4038457,168248,9,facd75950fdcbb98d8a3b37afc7b695c,22-00048944.fasta.gz
22-00048945,120,4035708,128110,11,186ce164d439f3215307fe247a2327a8,22-00048945.fasta.gz
22-00048946,130,3966790,168248,9,93f5ccb73263d5e9111397401300adf6,22-00048946.fasta.gz
22-00049493,72,1566379,84600,7,23e811b5c9f7d1d9df9b33c952adc81e,22-00049493.fasta.gz
22-00049496,108,3861223,140841,10,0ae20ad02bba5fe6bf72f4b91e4baf42,22-00049496.fasta.gz
22-00049498,122,4035936,128110,11,58d17af39666029392b07a2854fc0a62,22-00049498.fasta.gz
22-00049499,169,5726284,186961,6,534685ed680fe2a2e5e4b1f83423a5e4,22-00049499.fasta.gz
22-00049501,80,5476988,266101,7,2c9bed39248886c7feeee2bab368b670,22-00049501.fasta.gz
22-00049503,79,6794340,265391,8,849601676265d663799ef46f6f8a3c3d,22-00049503.fasta.gz
22-00049505,168,6848786,315309,8,1bc41ee8f0372515618c79738750e40d,22-00049505.fasta.gz
22-00049506,81,4910208,308775,5,91866246e692a1db879de874a063584d,22-00049506.fasta.gz
22-00049763,173,3805627,50591,24,30299bad1ac53635e38d37adacc38579,22-00049763.fasta.gz
22-00049858,93,3938236,132742,9,4ef930fae7422d0088d831528dab5358,22-00049858.fasta.gz
22-00049859,106,4043883,168248,9,b0df4137339e680e63e96c5da0a57f1f,22-00049859.fasta.gz
22-00049862,121,6554200,275504,8,630f36f0b932c60c10c70b86da823ae6,22-00049862.fasta.gz
22-00049863,149,7076652,286941,9,ee4b9c32bf4062db47d36e8732ef9974,22-00049863.fasta.gz
22-00050224,76,6522822,830080,3,65236178a35caf8a6bcd08f0d6d76859,22-00050224.fasta.gz
230865-H,180,5720273,167202,12,d12f8b9c8a8dbf7854780f022ba7d4a5,230865-H.fasta.gz
249820-H,139,5552917,323504,5,829944951b50aa892d94f94a9f3575a2,249820-H.fasta.gz
249824-H,124,6347603,357877,7,80174f409ae0fe5f7f5affb2fa509d34,249824-H.fasta.gz
249825-H,96,5492184,304141,6,bcd0d44a5f345f52501a44c70f082873,249825-H.fasta.gz
249833-H,160,5635171,200058,10,5d4c2f925988ee8f32185ceadeb7e71e,249833-H.fasta.gz
249838-H,117,5494301,329587,6,b19d08385d9b250c2c33cc0a2f02b9b0,249838-H.fasta.gz
249842-2,190,5686394,230977,9,34d1c382a78f23a0d875c6478893023b,249842-2.fasta.gz
249842-H2,176,5686806,272899,8,63c6e4e263ac121713213609e4cf54d2,249842-H2.fasta.gz
249842-H,167,5678169,158640,12,6b4cdd8d2b62adebed5d930d63434b55,249842-H.fasta.gz
249844-H,121,5490854,294358,7,b14c97e96006476b2d679142d1deb6e5,249844-H.fasta.gz
249847-H,115,5498177,366508,5,151ff1f10add84eb2074d77265cfd212,249847-H.fasta.gz
C6472DDCS,82,4862862,190708,8,ad0533a48435f32fa3efe89e9b39e508,C6472DDCS.fasta.gz
C6472KL,74,4881514,439663,5,30c1d4d375e94152f09e5feb9230960c,C6472KL.fasta.gz
CapA,104,4387926,123225,14,470031c84f0aef0543a9b6d2620ae844,CapA.fasta.gz
CapB,103,4382734,109344,14,11986c1a4e607934a8eefdce73033ba2,CapB.fasta.gz
CapC,101,4298805,184477,9,448df9c94d4dee5e2ebaefeb4410ed72,CapC.fasta.gz
CapD,99,4391011,136261,12,b186dc98490db89d89cd16056497126e,CapD.fasta.gz
CDC03-98CL,316,5355437,146616,9,51ceb1051f3da630c55d79bab1bfc34c,CDC03-98CL.fasta.gz
CDC03-98sm,301,5363973,202185,8,b266bd699dac2aaf21d5584639efc609,CDC03-98sm.fasta.gz
D5480DS,83,1641089,65057,10,2aeb71500c0132793cc800dfbee24940,D5480DS.fasta.gz
D5480KL,31,1651710,151378,5,dad4af57f57568ddbd938007b868b488,D5480KL.fasta.gz
ECP19-198ag,368,5426270,113897,15,6178e67e59d3ab0582ba9038270e0c43,ECP19-198ag.fasta.gz
ECP19-2498ag,429,5522584,89067,23,15b99b3f30d56c8295cea03481b350d6,ECP19-2498ag.fasta.gz
ECP19-598ag,368,5549145,148372,11,0fba1017e3a6c0ff62ae61e80580755f,ECP19-598ag.fasta.gz
ECP19-798ag,314,5423502,181634,10,94081808ee54e2966dc7398c4e80c985,ECP19-798ag.fasta.gz
EP21-3018AG,552,5664847,114161,19,dc880e1fedfe151947a91ca404e09502,EP21-3018AG.fasta.gz
EP21-5149AG,451,5499641,132268,14,bb42571b3fa6d129072b84e98aa55aa5,EP21-5149AG.fasta.gz
EP21-6898AG,445,5418259,105482,14,9def5c29a42b2715a3276b00163c3980,EP21-6898AG.fasta.gz
F5828KL,72,5080494,483265,5,dd7a1a3cf77afed1c29d3b15ff5e2e37,F5828KL.fasta.gz
H8394DDCS,34,2872539,285646,4,453f6ff915b7a5fca1fcd97919eaa3a7,H8394DDCS.fasta.gz
H8394KL,21,2880584,417224,2,ab77f51feca47110e56691f620602e37,H8394KL.fasta.gz
K3430DDCS,72,5055413,457243,5,a1e7de914ff7f9e2946e98c5699346c7,K3430DDCS.fasta.gz
PNUSAE014301,423,5264968,123000,14,4d9d327f76be945d03d2df4d5df2124a,PNUSAE014301.fasta.gz
PNUSAE014303,519,5558815,127190,15,13a715ef5df9131bfcefbb722463f30e,PNUSAE014303.fasta.gz
PNUSAE014304,452,5504642,114262,17,01a3433c18951fe7976250d78bd981aa,PNUSAE014304.fasta.gz
PNUSAE014305,104,5116797,180398,10,0d31a12667bde0aef3a2cac38cb87922,PNUSAE014305.fasta.gz
PNUSAE014306,495,5664482,122989,16,7c55af39e9630f086bd9cd9ba398fd07,PNUSAE014306.fasta.gz
PNUSAE014309,212,4983031,120304,15,392e80466a80b0989042bce01b10ef40,PNUSAE014309.fasta.gz
PNUSAE014310,303,5590576,151764,13,7729470d6c3954cdc5967acb08095bcb,PNUSAE014310.fasta.gz
PNUSAE014311,207,5369130,162441,12,ef9c124c3d5290897fa38885cdc82c7c,PNUSAE014311.fasta.gz
PNUSAE014312a,93,4977160,228353,7,9bb4e3400d3c1ad618c5047b3b858505,PNUSAE014312a.fasta.gz
PNUSAE014312b,219,4833618,63527,25,15a14de9f4bbc6ca38e3a254153f14b9,PNUSAE014312b.fasta.gz
PNUSAE014312,219,4833618,63527,25,1476340f853e4752b89bd2f66e8dfc7a,PNUSAE014312.fasta.gz
PNUSAE014313,512,4694179,34725,41,d4ef6f5307f37eecb9bc7c95a0338cef,PNUSAE014313.fasta.gz
PNUSAE014314,411,5299389,122497,13,43e9d8946001cf96214ee35a2b16582a,PNUSAE014314.fasta.gz
PNUSAE014315,586,5773571,85298,22,bca24fc14872a42df8bca2cc6a713a33,PNUSAE014315.fasta.gz
PNUSAE014834,492,5578934,111653,17,b960bd630abd8bce9e6e2fc850073e4a,PNUSAE014834.fasta.gz
PNUSAE014988,448,4617486,32845,44,db06a090a8fd750e7fdca3207eea5ad1,PNUSAE014988.fasta.gz
PNUSAE014989,146,5068453,177658,10,9aafcfab7043a1790f2dcde6e562887c,PNUSAE014989.fasta.gz
PNUSAE015218,321,5376926,184413,9,d7beb9be3bb4d41a95cd5a97b81e8f6b,PNUSAE015218.fasta.gz
PNUSAE015219,529,5461582,83616,20,d3f1f5c81adb1f5bf37029ff02e38da0,PNUSAE015219.fasta.gz
PNUSAE016746,309,5246916,158802,12,7266b0c8dd13a65db8483fb095a16508,PNUSAE016746.fasta.gz
PNUSAE016747,351,5496276,189898,9,d7b33bf4b1f60dc348c2887536d8ad04,PNUSAE016747.fasta.gz
PNUSAE017295,524,4847453,27363,52,d0a1893fe43c940906802e7d6c640a90,PNUSAE017295.fasta.gz
PNUSAE017382,336,5082678,108887,15,6bc9f7896823cc34a18deac256214334,PNUSAE017382.fasta.gz
PNUSAE017707,379,5488581,188562,9,0fb2e19d8ca7911721c5295e3286e5b2,PNUSAE017707.fasta.gz
PNUSAE018084c,353,5236995,114661,12,01093f7203a9cf1105de62b2bb79bc4d,PNUSAE018084c.fasta.gz
PNUSAE018085,500,4591695,28966,50,e3e5b2700f72f2ed5f1df1ae2c1eac34,PNUSAE018085.fasta.gz
PNUSAE018345,377,5132870,104836,15,e1e86ab00f8afd73052f3b2a06aaacc6,PNUSAE018345.fasta.gz
PNUSAE018491,514,4635864,34715,37,3eae6d88a0c5b3dea063f029925ca9fc,PNUSAE018491.fasta.gz
PNUSAE018492,472,4657619,31287,47,292b6e77d190860490cb092f7a65f645,PNUSAE018492.fasta.gz
PNUSAE018493,358,5439471,135939,14,e59d4a66952694428b8485058c72ec7c,PNUSAE018493.fasta.gz
PNUSAE019069,549,4556535,35046,41,7a332eb38ca5d67b004eaa43ee98fa86,PNUSAE019069.fasta.gz
PNUSAE019284,475,4726568,29804,47,ce9597fea477fa1d1e0dc46ecf3b50f6,PNUSAE019284.fasta.gz
PNUSAE019649,508,4773810,30412,48,9f9d5004b2ab89375a5c0354208296de,PNUSAE019649.fasta.gz
PNUSAE019936,386,5496169,188562,10,5b3c2bfcdbee4091d2f7b43f8dd3299e,PNUSAE019936.fasta.gz
PNUSAE020317,540,4785004,26410,54,284688920b9767f7b346ae60c8b20451,PNUSAE020317.fasta.gz
PNUSAE020881,132,5401089,163164,11,1030ffc4a68236d1d769ca113d539006,PNUSAE020881.fasta.gz
PNUSAE020882,539,4632174,35275,42,d38d0c2920a78a26002fba9b23f492b0,PNUSAE020882.fasta.gz
PNUSAE020883,441,4457016,33924,41,cf962e9033110a3d34442bd507cfe259,PNUSAE020883.fasta.gz
PNUSAE020884,433,4447505,33799,39,061c8ba3ed86ecc46027d51fa6b8a7da,PNUSAE020884.fasta.gz
PNUSAE020885,517,4641473,25752,53,92982824850ca7c391a5edb71f2cbdca,PNUSAE020885.fasta.gz
PNUSAE021117,485,5439758,126866,17,9b3cd0b8d14aee52e82a7b37194bbcbb,PNUSAE021117.fasta.gz
PNUSAE022721,549,4671143,34724,41,5ecb3f7a336ce430428d5f6dd8171790,PNUSAE022721.fasta.gz
PNUSAE022881,93,5023155,294637,6,306f0542d8e5cc9080a36e3f382466c3,PNUSAE022881.fasta.gz
PNUSAE022920,477,4604458,32891,43,632d40c801e8314ccf75a008ffec5dfe,PNUSAE022920.fasta.gz
PNUSAE023215,529,4526438,32387,43,494c0eb991c9d8055e35ee20bf6d8967,PNUSAE023215.fasta.gz
PNUSAE023318,610,4838218,25389,56,853322d4cd69536432cae1e645766ae6,PNUSAE023318.fasta.gz
PNUSAE023563,531,4532449,34539,40,79ca9c3eb81e8d6d17e4f1d7577db933,PNUSAE023563.fasta.gz
PNUSAE023564,541,4535787,33521,43,147b7d46c1d20e4383f00a5126648ee5,PNUSAE023564.fasta.gz
PNUSAE023565,548,4757193,25905,54,8a461b750e5ae8cebe5e574a14a6445e,PNUSAE023565.fasta.gz
PNUSAE023566,508,4668752,25905,52,0f3c7c085c2647e0775ccd857a43f510,PNUSAE023566.fasta.gz
PNUSAE023723,489,4639943,27654,53,265d02600399620037836951ede54ddb,PNUSAE023723.fasta.gz
TB-Control,116,4376121,125427,13,b99d91df8c32a31e719d5dc0b4387c67,TB-Control.fasta.gz
