16AC1611137-CAP.fasta.gz	16AC1611137-CAP.fasta.gz	100	1096	1099
16AC1611138-CAP.fasta.gz	16AC1611138-CAP.fasta.gz	100	1537	1544
16AC1611138-CAP.fasta.gz	17AC0001410.fasta.gz	99.9898	1514	1544
16AC1611138-CAP.fasta.gz	18AC0007008CHO.fasta.gz	99.9715	1486	1544
16AC1611138-CAP.fasta.gz	18AC0012153M.fasta.gz	99.8777	1380	1544
16AC1611138-CAP.fasta.gz	19AC0011213.fasta.gz	99.787	1308	1544
16AC1611138-CAP.fasta.gz	19AC0002350.fasta.gz	98.1858	1154	1544
16AC1611138-CAP.fasta.gz	18AC0018938-1.fasta.gz	97.245	1285	1544
16AC1611138-CAP.fasta.gz	18AC0012154M.fasta.gz	82.2726	930	1544
16AC1611138-CAP.fasta.gz	18AC0018934.fasta.gz	82.1748	850	1544
16AC1611138-CAP.fasta.gz	20AC0000919-C1.fasta.gz	81.1522	725	1544
16AC1611138-CAP.fasta.gz	18AC0018935.fasta.gz	80.8242	708	1544
16AC1611138-CAP.fasta.gz	19AC0002349.fasta.gz	80.8081	687	1544
16AC1611138-CAP.fasta.gz	19AC0002349B2.fasta.gz	80.7195	717	1544
16AC1611138-CAP.fasta.gz	16AC1611139-CAP.fasta.gz	78.6508	384	1544
16AC1611138-CAP.fasta.gz	19AC0011211-1.fasta.gz	77.7239	246	1544
16AC1611139-CAP.fasta.gz	16AC1611139-CAP.fasta.gz	100	1587	1587
16AC1611139-CAP.fasta.gz	20AC0000919-C1.fasta.gz	79.6113	652	1587
16AC1611139-CAP.fasta.gz	19AC0002349.fasta.gz	79.1969	590	1587
16AC1611139-CAP.fasta.gz	19AC0002349B2.fasta.gz	79.1581	618	1587
16AC1611139-CAP.fasta.gz	18AC0018935.fasta.gz	79.1485	500	1587
16AC1611139-CAP.fasta.gz	18AC0007009CHO.fasta.gz	79.0848	308	1587
16AC1611139-CAP.fasta.gz	19AC0015930.fasta.gz	79.053	302	1587
16AC1611139-CAP.fasta.gz	19AC0015929.fasta.gz	78.9698	379	1587
16AC1611139-CAP.fasta.gz	18AC0017658.fasta.gz	78.9535	386	1587
16AC1611139-CAP.fasta.gz	18AC0018934.fasta.gz	78.8618	404	1587
16AC1611139-CAP.fasta.gz	19AC0002350.fasta.gz	78.6264	372	1587
16AC1611139-CAP.fasta.gz	18AC0012154M.fasta.gz	78.6083	433	1587
16AC1611139-CAP.fasta.gz	19AC0011213.fasta.gz	78.578	378	1587
16AC1611139-CAP.fasta.gz	18AC0007008CHO.fasta.gz	78.5508	393	1587
16AC1611139-CAP.fasta.gz	17AC0001410.fasta.gz	78.5049	397	1587
16AC1611139-CAP.fasta.gz	18AC0012153M.fasta.gz	78.502	393	1587
16AC1611139-CAP.fasta.gz	18AC0018938-1.fasta.gz	78.4654	393	1587
16AC1611139-CAP.fasta.gz	16AC1611138-CAP.fasta.gz	78.424	406	1587
16AC1611139-CAP.fasta.gz	19AC0011211-1.fasta.gz	77.702	250	1587
16AC1611140-CAP.fasta.gz	16AC1611140-CAP.fasta.gz	100	706	710
16AC1611140-CAP.fasta.gz	17AC0006313A.fasta.gz	79.3333	284	710
16AC1611140-CAP.fasta.gz	20AC0000923-C.fasta.gz	78.7748	239	710
16AC1611140-CAP.fasta.gz	20AC0000921-B.fasta.gz	78.7617	214	710
16AC1611140-CAP.fasta.gz	19AC0016712.fasta.gz	78.6795	249	710
16AC1611140-CAP.fasta.gz	20AC0000920-B2.fasta.gz	78.6385	185	710
16AC1611140-CAP.fasta.gz	17AC0001411B.fasta.gz	78.6266	266	710
16AC1611140-CAP.fasta.gz	18AC0002825-2.fasta.gz	78.5908	179	710
16AC1611140-CAP.fasta.gz	19AC0002351.fasta.gz	78.5537	236	710
16AC1611140-CAP.fasta.gz	17AC0012457-2.fasta.gz	78.5532	257	710
16AC1611140-CAP.fasta.gz	17AC0012457-1.fasta.gz	78.5521	259	710
16AC1611140-CAP.fasta.gz	17AC0006312-1.fasta.gz	78.4713	252	710
16AC1611140-CAP.fasta.gz	17AC0006312.fasta.gz	78.4151	263	710
16AC1611140-CAP.fasta.gz	18AC0012151C2.fasta.gz	78.3421	264	710
16AC1611140-CAP.fasta.gz	18AC0018936-2.fasta.gz	78.3156	247	710
16AC1611140-CAP.fasta.gz	19AC0016711.fasta.gz	78.1856	207	710
16AC1611141-CAP.fasta.gz	16AC1611141-CAP.fasta.gz	100	1224	1236
16AC1611141-CAP.fasta.gz	19AC0016709.fasta.gz	78.4073	225	1236
16AC1611141-CAP.fasta.gz	18AC0018937-BAP.fasta.gz	78.2666	237	1236
16AC1611140BCAP.fasta.gz	16AC1611140BCAP.fasta.gz	100	856	857
17AC0001408.fasta.gz	17AC0001408.fasta.gz	100	621	624
17AC0001409.fasta.gz	17AC0001409.fasta.gz	100	1369	1373
17AC0001409.fasta.gz	19AC0016710.fasta.gz	89.6792	408	1373
17AC0001409.fasta.gz	17AC0006311.fasta.gz	89.6383	434	1373
17AC0001409.fasta.gz	19AC0002348.fasta.gz	84.2409	378	1373
17AC0001409.fasta.gz	18AC0002826.fasta.gz	79.8324	136	1373
17AC0001409.fasta.gz	18AC0002824.fasta.gz	79.6554	204	1373
17AC0001410.fasta.gz	17AC0001410.fasta.gz	100	1560	1564
17AC0001410.fasta.gz	16AC1611138-CAP.fasta.gz	99.9804	1521	1564
17AC0001410.fasta.gz	18AC0007008CHO.fasta.gz	99.9678	1502	1564
17AC0001410.fasta.gz	18AC0012153M.fasta.gz	99.8638	1388	1564
17AC0001410.fasta.gz	19AC0011213.fasta.gz	99.7892	1316	1564
17AC0001410.fasta.gz	19AC0002350.fasta.gz	98.2622	1161	1564
17AC0001410.fasta.gz	18AC0018938-1.fasta.gz	97.2161	1284	1564
17AC0001410.fasta.gz	18AC0012154M.fasta.gz	82.2925	936	1564
17AC0001410.fasta.gz	18AC0018934.fasta.gz	82.2499	858	1564
17AC0001410.fasta.gz	20AC0000919-C1.fasta.gz	80.9424	740	1564
17AC0001410.fasta.gz	19AC0002349B2.fasta.gz	80.8692	710	1564
17AC0001410.fasta.gz	19AC0002349.fasta.gz	80.827	686	1564
17AC0001410.fasta.gz	18AC0018935.fasta.gz	80.6933	728	1564
17AC0001410.fasta.gz	16AC1611139-CAP.fasta.gz	78.68	388	1564
17AC0001410.fasta.gz	19AC0011211-1.fasta.gz	77.9151	241	1564
17AC0001410A.fasta.gz	17AC0001410A.fasta.gz	100	940	945
17AC0001410A.fasta.gz	19AC0011211-2.fasta.gz	99.9417	901	945
17AC0001411B.fasta.gz	17AC0001411B.fasta.gz	100	898	899
17AC0001411B.fasta.gz	17AC0012457-1.fasta.gz	99.915	836	899
17AC0001411B.fasta.gz	19AC0016712.fasta.gz	99.8677	731	899
17AC0001411B.fasta.gz	20AC0000921-B.fasta.gz	98.6652	603	899
17AC0001411B.fasta.gz	18AC0002825-2.fasta.gz	79.402	182	899
17AC0001411B.fasta.gz	17AC0006313A.fasta.gz	79.2363	291	899
17AC0001411B.fasta.gz	20AC0000920-B2.fasta.gz	79.2271	194	899
17AC0001411B.fasta.gz	20AC0000923-C.fasta.gz	79.0132	279	899
17AC0001411B.fasta.gz	19AC0002351.fasta.gz	78.9341	262	899
17AC0001411B.fasta.gz	17AC0006312-1.fasta.gz	78.7706	286	899
17AC0001411B.fasta.gz	17AC0006312.fasta.gz	78.7515	298	899
17AC0001411B.fasta.gz	18AC0012151C2.fasta.gz	78.7292	293	899
17AC0001411B.fasta.gz	17AC0012457-2.fasta.gz	78.6796	292	899
17AC0001411B.fasta.gz	16AC1611140-CAP.fasta.gz	78.6755	260	899
17AC0001411B.fasta.gz	18AC0018936-2.fasta.gz	78.6435	275	899
17AC0001411B.fasta.gz	19AC0016711.fasta.gz	78.3404	251	899
17AC0001412BR.fasta.gz	17AC0001412BR.fasta.gz	100	618	628
17AC0001412BR.fasta.gz	19AC0011209PEA.fasta.gz	79.4529	137	628
17AC0001412BR.fasta.gz	18AC0018937.fasta.gz	79.3262	130	628
17AC0001412BR.fasta.gz	18AC0018937-BA.fasta.gz	79.2586	131	628
17AC0001412BR.fasta.gz	20AC0000922-BO2.fasta.gz	78.8992	135	628
17AC0001412BR.fasta.gz	17AC0012455-1AN.fasta.gz	78.43	128	628
17AC0001412BR.fasta.gz	17AC0012455-1A.fasta.gz	78.3441	132	628
17AC0003893.fasta.gz	17AC0003893.fasta.gz	100	595	600
17AC0003893.fasta.gz	18AC0012152.fasta.gz	99.9876	584	600
17AC0003893.fasta.gz	19AC0006461.fasta.gz	99.9768	585	600
17AC0003893.fasta.gz	18AC0017657.fasta.gz	99.9228	563	600
17AC0003893.fasta.gz	19AC0011212.fasta.gz	97.1101	492	600
17AC0003894N.fasta.gz	17AC0003894N.fasta.gz	100	536	542
17AC0003894N.fasta.gz	18AC0017656.fasta.gz	99.9381	501	542
17AC0003892A.fasta.gz	17AC0003892A.fasta.gz	100	1399	1420
17AC0003892A.fasta.gz	19AC0006459.fasta.gz	99.9702	1403	1420
17AC0003892A.fasta.gz	19AC0011209-1.fasta.gz	85.5622	445	1420
17AC0006310.fasta.gz	17AC0006310.fasta.gz	100	1325	1338
17AC0006310.fasta.gz	19AC0006460.fasta.gz	95.2117	1181	1338
17AC0006310.fasta.gz	18AC0007010CHO.fasta.gz	95.1907	1163	1338
17AC0006311.fasta.gz	17AC0006311.fasta.gz	100	586	589
17AC0006311.fasta.gz	19AC0016710.fasta.gz	99.9346	520	589
17AC0006311.fasta.gz	17AC0001409.fasta.gz	89.7001	427	589
17AC0006311.fasta.gz	18AC0002826.fasta.gz	83.0069	165	589
17AC0006312.fasta.gz	17AC0006312.fasta.gz	100	782	785
17AC0006312.fasta.gz	18AC0012151C2.fasta.gz	99.9785	771	785
17AC0006312.fasta.gz	17AC0012457-2.fasta.gz	99.9573	737	785
17AC0006312.fasta.gz	17AC0006312-1.fasta.gz	99.8356	674	785
17AC0006312.fasta.gz	18AC0018936-2.fasta.gz	99.8027	671	785
17AC0006312.fasta.gz	19AC0002351.fasta.gz	99.7703	607	785
17AC0006312.fasta.gz	20AC0000920-B2.fasta.gz	99.5998	434	785
17AC0006312.fasta.gz	18AC0002825-2.fasta.gz	99.5321	420	785
17AC0006312.fasta.gz	20AC0000923-C.fasta.gz	96.8616	637	785
17AC0006312.fasta.gz	17AC0006313A.fasta.gz	79.7798	309	785
17AC0006312.fasta.gz	20AC0000921-B.fasta.gz	79.0522	247	785
17AC0006312.fasta.gz	19AC0016712.fasta.gz	78.9035	269	785
17AC0006312.fasta.gz	19AC0016711.fasta.gz	78.6151	249	785
17AC0006312.fasta.gz	17AC0001411B.fasta.gz	78.6035	309	785
17AC0006312.fasta.gz	17AC0012457-1.fasta.gz	78.5647	299	785
17AC0006312.fasta.gz	16AC1611140-CAP.fasta.gz	78.4338	260	785
17AC0006313A.fasta.gz	17AC0006313A.fasta.gz	99.9999	703	707
17AC0006313A.fasta.gz	18AC0002825-2.fasta.gz	80.3835	196	707
17AC0006313A.fasta.gz	20AC0000920-B2.fasta.gz	80.306	208	707
17AC0006313A.fasta.gz	17AC0006312-1.fasta.gz	80.0606	286	707
17AC0006313A.fasta.gz	17AC0012457-2.fasta.gz	79.9358	299	707
17AC0006313A.fasta.gz	18AC0012151C2.fasta.gz	79.923	303	707
17AC0006313A.fasta.gz	20AC0000923-C.fasta.gz	79.8846	314	707
17AC0006313A.fasta.gz	19AC0002351.fasta.gz	79.8775	269	707
17AC0006313A.fasta.gz	17AC0006312.fasta.gz	79.8662	305	707
17AC0006313A.fasta.gz	18AC0018936-2.fasta.gz	79.83	292	707
17AC0006313A.fasta.gz	16AC1611140-CAP.fasta.gz	79.3932	280	707
17AC0006313A.fasta.gz	20AC0000921-B.fasta.gz	79.3417	247	707
17AC0006313A.fasta.gz	17AC0001411B.fasta.gz	79.2148	284	707
17AC0006313A.fasta.gz	19AC0016712.fasta.gz	79.2119	262	707
17AC0006313A.fasta.gz	17AC0012457-1.fasta.gz	79.0441	281	707
17AC0006313A.fasta.gz	19AC0016711.fasta.gz	78.9636	255	707
17AC0006313-1.fasta.gz	17AC0006313-1.fasta.gz	100	659	661
17AC0006314.fasta.gz	17AC0006314.fasta.gz	100	1264	1282
17AC0006314.fasta.gz	20AC0000920-B1.fasta.gz	99.1035	1210	1282
17AC0006314.fasta.gz	19AC0016708.fasta.gz	80.407	595	1282
17AC0006312-1.fasta.gz	17AC0006312-1.fasta.gz	100	689	692
17AC0006312-1.fasta.gz	18AC0012151C2.fasta.gz	99.9702	681	692
17AC0006312-1.fasta.gz	17AC0006312.fasta.gz	99.9582	675	692
17AC0006312-1.fasta.gz	17AC0012457-2.fasta.gz	99.9374	671	692
17AC0006312-1.fasta.gz	19AC0002351.fasta.gz	99.8596	588	692
17AC0006312-1.fasta.gz	18AC0018936-2.fasta.gz	99.7839	637	692
17AC0006312-1.fasta.gz	20AC0000920-B2.fasta.gz	99.7166	425	692
17AC0006312-1.fasta.gz	18AC0002825-2.fasta.gz	99.583	413	692
17AC0006312-1.fasta.gz	20AC0000923-C.fasta.gz	96.9895	578	692
17AC0006312-1.fasta.gz	17AC0006313A.fasta.gz	79.7652	296	692
17AC0006312-1.fasta.gz	20AC0000921-B.fasta.gz	79.2106	232	692
17AC0006312-1.fasta.gz	19AC0016712.fasta.gz	78.8883	268	692
17AC0006312-1.fasta.gz	17AC0012457-1.fasta.gz	78.888	272	692
17AC0006312-1.fasta.gz	17AC0001411B.fasta.gz	78.8259	281	692
17AC0006312-1.fasta.gz	16AC1611140-CAP.fasta.gz	78.7312	246	692
17AC0006312-1.fasta.gz	19AC0016711.fasta.gz	78.6788	238	692
17AC0012453.fasta.gz	17AC0012453.fasta.gz	100	891	894
17AC0012454.fasta.gz	17AC0012454.fasta.gz	100	560	564
17AC0012455-1AN.fasta.gz	17AC0012455-1AN.fasta.gz	100	523	526
17AC0012455-1AN.fasta.gz	17AC0012455-1A.fasta.gz	99.9511	509	526
17AC0012455-1AN.fasta.gz	20AC0000922-BO2.fasta.gz	90.6228	455	526
17AC0012455-1AN.fasta.gz	17AC0001412BR.fasta.gz	78.9185	119	526
17AC0012456-2.fasta.gz	17AC0012456-2.fasta.gz	100	1183	1192
17AC0012457-1.fasta.gz	17AC0012457-1.fasta.gz	100	844	848
17AC0012457-1.fasta.gz	17AC0001411B.fasta.gz	99.9879	839	848
17AC0012457-1.fasta.gz	19AC0016712.fasta.gz	99.8705	732	848
17AC0012457-1.fasta.gz	20AC0000921-B.fasta.gz	98.7662	591	848
17AC0012457-1.fasta.gz	20AC0000920-B2.fasta.gz	79.3259	193	848
17AC0012457-1.fasta.gz	18AC0002825-2.fasta.gz	79.0895	188	848
17AC0012457-1.fasta.gz	17AC0006313A.fasta.gz	79.0512	297	848
17AC0012457-1.fasta.gz	19AC0002351.fasta.gz	78.9778	267	848
17AC0012457-1.fasta.gz	17AC0006312-1.fasta.gz	78.9136	281	848
17AC0012457-1.fasta.gz	17AC0006312.fasta.gz	78.8669	297	848
17AC0012457-1.fasta.gz	20AC0000923-C.fasta.gz	78.8527	288	848
17AC0012457-1.fasta.gz	18AC0012151C2.fasta.gz	78.816	295	848
17AC0012457-1.fasta.gz	17AC0012457-2.fasta.gz	78.8067	292	848
17AC0012457-1.fasta.gz	16AC1611140-CAP.fasta.gz	78.7855	253	848
17AC0012457-1.fasta.gz	18AC0018936-2.fasta.gz	78.7625	276	848
17AC0012457-1.fasta.gz	19AC0016711.fasta.gz	78.2708	254	848
17AC0012457-2.fasta.gz	17AC0012457-2.fasta.gz	100	753	759
17AC0012457-2.fasta.gz	18AC0012151C2.fasta.gz	99.9839	740	759
17AC0012457-2.fasta.gz	17AC0006312.fasta.gz	99.9531	736	759
17AC0012457-2.fasta.gz	19AC0002351.fasta.gz	99.8707	608	759
17AC0012457-2.fasta.gz	17AC0006312-1.fasta.gz	99.8435	669	759
17AC0012457-2.fasta.gz	18AC0018936-2.fasta.gz	99.828	654	759
17AC0012457-2.fasta.gz	20AC0000920-B2.fasta.gz	99.5565	435	759
17AC0012457-2.fasta.gz	18AC0002825-2.fasta.gz	99.5278	412	759
17AC0012457-2.fasta.gz	20AC0000923-C.fasta.gz	96.9404	626	759
17AC0012457-2.fasta.gz	17AC0006313A.fasta.gz	79.8575	295	759
17AC0012457-2.fasta.gz	20AC0000921-B.fasta.gz	79.2578	237	759
17AC0012457-2.fasta.gz	19AC0016712.fasta.gz	78.9276	269	759
17AC0012457-2.fasta.gz	17AC0001411B.fasta.gz	78.7709	302	759
17AC0012457-2.fasta.gz	17AC0012457-1.fasta.gz	78.7549	291	759
17AC0012457-2.fasta.gz	16AC1611140-CAP.fasta.gz	78.6094	261	759
17AC0012457-2.fasta.gz	19AC0016711.fasta.gz	78.5519	247	759
17AC0012455-1A.fasta.gz	17AC0012455-1A.fasta.gz	100	597	603
17AC0012455-1A.fasta.gz	17AC0012455-1AN.fasta.gz	99.8705	510	603
17AC0012455-1A.fasta.gz	20AC0000922-BO2.fasta.gz	90.5604	481	603
17AC0012455-1A.fasta.gz	17AC0001412BR.fasta.gz	78.7727	121	603
18AC0002824.fasta.gz	18AC0002824.fasta.gz	100	660	664
18AC0002824.fasta.gz	19AC0002348.fasta.gz	80.1504	178	664
18AC0002824.fasta.gz	17AC0001409.fasta.gz	79.8359	198	664
18AC0002825-1.fasta.gz	18AC0002825-1.fasta.gz	100	1323	1342
18AC0002825-2.fasta.gz	18AC0002825-2.fasta.gz	100	421	429
18AC0002825-2.fasta.gz	17AC0006312.fasta.gz	99.9859	424	429
18AC0002825-2.fasta.gz	18AC0012151C2.fasta.gz	99.9785	426	429
18AC0002825-2.fasta.gz	17AC0006312-1.fasta.gz	99.9433	423	429
18AC0002825-2.fasta.gz	17AC0012457-2.fasta.gz	99.9254	420	429
18AC0002825-2.fasta.gz	19AC0002351.fasta.gz	99.8538	409	429
18AC0002825-2.fasta.gz	18AC0018936-2.fasta.gz	99.7843	407	429
18AC0002825-2.fasta.gz	20AC0000920-B2.fasta.gz	99.7702	359	429
18AC0002825-2.fasta.gz	20AC0000923-C.fasta.gz	97.1142	392	429
18AC0002825-2.fasta.gz	17AC0006313A.fasta.gz	80.0045	206	429
18AC0002825-2.fasta.gz	20AC0000921-B.fasta.gz	79.5513	162	429
18AC0002825-2.fasta.gz	19AC0016712.fasta.gz	79.501	174	429
18AC0002825-2.fasta.gz	17AC0001411B.fasta.gz	79.2634	185	429
18AC0002825-2.fasta.gz	17AC0012457-1.fasta.gz	79.2443	182	429
18AC0002825-2.fasta.gz	19AC0016711.fasta.gz	79.0363	156	429
18AC0002825-2.fasta.gz	16AC1611140-CAP.fasta.gz	78.7556	169	429
18AC0002826.fasta.gz	18AC0002826.fasta.gz	100	618	618
18AC0002826.fasta.gz	17AC0006311.fasta.gz	83.6165	154	618
18AC0002826.fasta.gz	19AC0016710.fasta.gz	83.2486	153	618
18AC0002826.fasta.gz	17AC0001409.fasta.gz	80.1413	133	618
18AC0002827.fasta.gz	18AC0002827.fasta.gz	100	1134	1153
18AC0002827.fasta.gz	19AC0015931.fasta.gz	86.0843	891	1153
18AC0002828.fasta.gz	18AC0002828.fasta.gz	100	908	910
18AC0007008CHO.fasta.gz	18AC0007008CHO.fasta.gz	100	1519	1530
18AC0007008CHO.fasta.gz	17AC0001410.fasta.gz	99.9939	1505	1530
18AC0007008CHO.fasta.gz	16AC1611138-CAP.fasta.gz	99.975	1506	1530
18AC0007008CHO.fasta.gz	18AC0012153M.fasta.gz	99.8967	1381	1530
18AC0007008CHO.fasta.gz	19AC0011213.fasta.gz	99.8478	1298	1530
18AC0007008CHO.fasta.gz	19AC0002350.fasta.gz	98.2113	1150	1530
18AC0007008CHO.fasta.gz	18AC0018938-1.fasta.gz	97.3305	1265	1530
18AC0007008CHO.fasta.gz	18AC0012154M.fasta.gz	82.2572	934	1530
18AC0007008CHO.fasta.gz	18AC0018934.fasta.gz	82.1162	845	1530
18AC0007008CHO.fasta.gz	20AC0000919-C1.fasta.gz	81.0085	718	1530
18AC0007008CHO.fasta.gz	18AC0018935.fasta.gz	80.7545	713	1530
18AC0007008CHO.fasta.gz	19AC0002349B2.fasta.gz	80.7098	720	1530
18AC0007008CHO.fasta.gz	19AC0002349.fasta.gz	80.7093	697	1530
18AC0007008CHO.fasta.gz	16AC1611139-CAP.fasta.gz	78.6568	390	1530
18AC0007008CHO.fasta.gz	19AC0011211-1.fasta.gz	77.747	248	1530
18AC0007009CHO.fasta.gz	18AC0007009CHO.fasta.gz	100	1249	1267
18AC0007009CHO.fasta.gz	19AC0015930.fasta.gz	99.8897	1083	1267
18AC0007009CHO.fasta.gz	19AC0015929.fasta.gz	82.6459	751	1267
18AC0007009CHO.fasta.gz	18AC0017658.fasta.gz	82.6254	751	1267
18AC0007009CHO.fasta.gz	16AC1611139-CAP.fasta.gz	79.1503	297	1267
18AC0007010CHO.fasta.gz	18AC0007010CHO.fasta.gz	100	1650	1666
18AC0007010CHO.fasta.gz	19AC0006460.fasta.gz	99.9678	1623	1666
18AC0007010CHO.fasta.gz	17AC0006310.fasta.gz	94.9992	1164	1666
18AC0012150R.fasta.gz	18AC0012150R.fasta.gz	100	1296	1299
18AC0012151B1.fasta.gz	18AC0012151B1.fasta.gz	100	965	973
18AC0012151C2.fasta.gz	18AC0012151C2.fasta.gz	100	799	800
18AC0012151C2.fasta.gz	17AC0006312.fasta.gz	99.9531	776	800
18AC0012151C2.fasta.gz	17AC0012457-2.fasta.gz	99.9223	745	800
18AC0012151C2.fasta.gz	17AC0006312-1.fasta.gz	99.8683	675	800
18AC0012151C2.fasta.gz	18AC0018936-2.fasta.gz	99.8317	674	800
18AC0012151C2.fasta.gz	19AC0002351.fasta.gz	99.8315	609	800
18AC0012151C2.fasta.gz	20AC0000920-B2.fasta.gz	99.6255	433	800
18AC0012151C2.fasta.gz	18AC0002825-2.fasta.gz	99.595	417	800
18AC0012151C2.fasta.gz	20AC0000923-C.fasta.gz	96.7748	647	800
18AC0012151C2.fasta.gz	17AC0006313A.fasta.gz	79.654	321	800
18AC0012151C2.fasta.gz	20AC0000921-B.fasta.gz	78.9621	245	800
18AC0012151C2.fasta.gz	19AC0016712.fasta.gz	78.7945	282	800
18AC0012151C2.fasta.gz	19AC0016711.fasta.gz	78.745	247	800
18AC0012151C2.fasta.gz	17AC0001411B.fasta.gz	78.6246	312	800
18AC0012151C2.fasta.gz	17AC0012457-1.fasta.gz	78.6043	300	800
18AC0012151C2.fasta.gz	16AC1611140-CAP.fasta.gz	78.5486	256	800
18AC0012152.fasta.gz	18AC0012152.fasta.gz	100	594	599
18AC0012152.fasta.gz	19AC0006461.fasta.gz	99.9833	575	599
18AC0012152.fasta.gz	17AC0003893.fasta.gz	99.975	579	599
18AC0012152.fasta.gz	18AC0017657.fasta.gz	99.9431	553	599
18AC0012152.fasta.gz	19AC0011212.fasta.gz	97.1757	489	599
18AC0012153B1.fasta.gz	18AC0012153B1.fasta.gz	100	35	35
18AC0012153M.fasta.gz	18AC0012153M.fasta.gz	100	1397	1408
18AC0012153M.fasta.gz	17AC0001410.fasta.gz	99.9949	1403	1408
18AC0012153M.fasta.gz	16AC1611138-CAP.fasta.gz	99.9917	1403	1408
18AC0012153M.fasta.gz	18AC0007008CHO.fasta.gz	99.9786	1395	1408
18AC0012153M.fasta.gz	19AC0011213.fasta.gz	99.8606	1267	1408
18AC0012153M.fasta.gz	19AC0002350.fasta.gz	98.2565	1116	1408
18AC0012153M.fasta.gz	18AC0018938-1.fasta.gz	97.3678	1214	1408
18AC0012153M.fasta.gz	18AC0012154M.fasta.gz	82.411	877	1408
18AC0012153M.fasta.gz	18AC0018934.fasta.gz	82.2333	808	1408
18AC0012153M.fasta.gz	20AC0000919-C1.fasta.gz	81.0643	693	1408
18AC0012153M.fasta.gz	19AC0002349.fasta.gz	80.8931	645	1408
18AC0012153M.fasta.gz	19AC0002349B2.fasta.gz	80.8454	670	1408
18AC0012153M.fasta.gz	18AC0018935.fasta.gz	80.7759	689	1408
18AC0012153M.fasta.gz	16AC1611139-CAP.fasta.gz	78.4656	378	1408
18AC0012153M.fasta.gz	19AC0011211-1.fasta.gz	77.6955	243	1408
18AC0012154M.fasta.gz	18AC0012154M.fasta.gz	100	1521	1531
18AC0012154M.fasta.gz	18AC0018934.fasta.gz	82.8575	920	1531
18AC0012154M.fasta.gz	19AC0002350.fasta.gz	82.4326	834	1531
18AC0012154M.fasta.gz	19AC0011213.fasta.gz	82.4186	857	1531
18AC0012154M.fasta.gz	18AC0018938-1.fasta.gz	82.3282	890	1531
18AC0012154M.fasta.gz	18AC0012153M.fasta.gz	82.3228	898	1531
18AC0012154M.fasta.gz	18AC0007008CHO.fasta.gz	82.2834	925	1531
18AC0012154M.fasta.gz	16AC1611138-CAP.fasta.gz	82.2806	922	1531
18AC0012154M.fasta.gz	17AC0001410.fasta.gz	82.2734	929	1531
18AC0012154M.fasta.gz	19AC0002349B2.fasta.gz	81.1148	745	1531
18AC0012154M.fasta.gz	19AC0002349.fasta.gz	81.0745	725	1531
18AC0012154M.fasta.gz	18AC0018935.fasta.gz	81.0485	771	1531
18AC0012154M.fasta.gz	20AC0000919-C1.fasta.gz	80.9676	772	1531
18AC0012154M.fasta.gz	16AC1611139-CAP.fasta.gz	78.5139	433	1531
18AC0017656.fasta.gz	18AC0017656.fasta.gz	100	507	512
18AC0017656.fasta.gz	17AC0003894N.fasta.gz	99.9773	499	512
18AC0017657.fasta.gz	18AC0017657.fasta.gz	100	575	578
18AC0017657.fasta.gz	17AC0003893.fasta.gz	99.9914	564	578
18AC0017657.fasta.gz	19AC0006461.fasta.gz	99.9875	569	578
18AC0017657.fasta.gz	18AC0012152.fasta.gz	99.9798	570	578
18AC0017657.fasta.gz	19AC0011212.fasta.gz	97.1245	479	578
18AC0017658.fasta.gz	18AC0017658.fasta.gz	100	1315	1326
18AC0017658.fasta.gz	19AC0015929.fasta.gz	99.941	1248	1326
18AC0017658.fasta.gz	19AC0015930.fasta.gz	82.8586	697	1326
18AC0017658.fasta.gz	18AC0007009CHO.fasta.gz	82.7711	733	1326
18AC0017658.fasta.gz	16AC1611139-CAP.fasta.gz	78.8263	388	1326
18AC0018934.fasta.gz	18AC0018934.fasta.gz	100	1486	1499
18AC0018934.fasta.gz	18AC0012154M.fasta.gz	82.9829	925	1499
18AC0018934.fasta.gz	18AC0018938-1.fasta.gz	82.4149	825	1499
18AC0018934.fasta.gz	19AC0011213.fasta.gz	82.4135	792	1499
18AC0018934.fasta.gz	18AC0012153M.fasta.gz	82.4047	816	1499
18AC0018934.fasta.gz	17AC0001410.fasta.gz	82.3916	844	1499
18AC0018934.fasta.gz	18AC0007008CHO.fasta.gz	82.3861	835	1499
18AC0018934.fasta.gz	16AC1611138-CAP.fasta.gz	82.3823	848	1499
18AC0018934.fasta.gz	19AC0002350.fasta.gz	82.3691	769	1499
18AC0018934.fasta.gz	20AC0000919-C1.fasta.gz	81.3431	701	1499
18AC0018934.fasta.gz	19AC0002349B2.fasta.gz	81.1853	703	1499
18AC0018934.fasta.gz	18AC0018935.fasta.gz	81.1479	732	1499
18AC0018934.fasta.gz	19AC0002349.fasta.gz	81.1378	677	1499
18AC0018934.fasta.gz	16AC1611139-CAP.fasta.gz	78.798	410	1499
18AC0018935.fasta.gz	18AC0018935.fasta.gz	100	1735	1753
18AC0018935.fasta.gz	20AC0000919-C1.fasta.gz	84.364	1219	1753
18AC0018935.fasta.gz	19AC0002349B2.fasta.gz	83.9977	1093	1753
18AC0018935.fasta.gz	19AC0002349.fasta.gz	83.9573	1029	1753
18AC0018935.fasta.gz	18AC0012154M.fasta.gz	81.135	780	1753
18AC0018935.fasta.gz	18AC0018934.fasta.gz	81.1033	714	1753
18AC0018935.fasta.gz	19AC0002350.fasta.gz	80.9743	636	1753
18AC0018935.fasta.gz	19AC0011213.fasta.gz	80.9431	650	1753
18AC0018935.fasta.gz	18AC0012153M.fasta.gz	80.8989	669	1753
18AC0018935.fasta.gz	17AC0001410.fasta.gz	80.8792	695	1753
18AC0018935.fasta.gz	18AC0007008CHO.fasta.gz	80.8709	694	1753
18AC0018935.fasta.gz	16AC1611138-CAP.fasta.gz	80.8466	695	1753
18AC0018935.fasta.gz	18AC0018938-1.fasta.gz	80.8304	680	1753
18AC0018935.fasta.gz	16AC1611139-CAP.fasta.gz	78.9988	517	1753
18AC0018935.fasta.gz	19AC0011211-1.fasta.gz	77.7677	224	1753
18AC0018936-2.fasta.gz	18AC0018936-2.fasta.gz	99.9773	690	702
18AC0018936-2.fasta.gz	18AC0012151C2.fasta.gz	99.9516	688	702
18AC0018936-2.fasta.gz	17AC0006312.fasta.gz	99.9299	677	702
18AC0018936-2.fasta.gz	17AC0012457-2.fasta.gz	99.8903	675	702
18AC0018936-2.fasta.gz	17AC0006312-1.fasta.gz	99.7627	640	702
18AC0018936-2.fasta.gz	19AC0002351.fasta.gz	99.7352	583	702
18AC0018936-2.fasta.gz	20AC0000920-B2.fasta.gz	99.6275	418	702
18AC0018936-2.fasta.gz	18AC0002825-2.fasta.gz	99.4335	404	702
18AC0018936-2.fasta.gz	20AC0000923-C.fasta.gz	96.8707	586	702
18AC0018936-2.fasta.gz	17AC0006313A.fasta.gz	79.6284	293	702
18AC0018936-2.fasta.gz	20AC0000921-B.fasta.gz	79.4921	216	702
18AC0018936-2.fasta.gz	19AC0016712.fasta.gz	79.0968	245	702
18AC0018936-2.fasta.gz	17AC0012457-1.fasta.gz	78.9528	256	702
18AC0018936-2.fasta.gz	17AC0001411B.fasta.gz	78.9175	269	702
18AC0018936-2.fasta.gz	19AC0016711.fasta.gz	78.855	222	702
18AC0018936-2.fasta.gz	16AC1611140-CAP.fasta.gz	78.4181	236	702
18AC0018936-ANO2.fasta.gz	18AC0018936-ANO2.fasta.gz	100	1554	1568
18AC0018936-ANO2.fasta.gz	20AC0000922-C2ANO2.fasta.gz	79.5386	321	1568
18AC0018938-1.fasta.gz	18AC0018938-1.fasta.gz	100	1441	1453
18AC0018938-1.fasta.gz	16AC1611138-CAP.fasta.gz	97.2761	1288	1453
18AC0018938-1.fasta.gz	18AC0012153M.fasta.gz	97.2673	1220	1453
18AC0018938-1.fasta.gz	18AC0007008CHO.fasta.gz	97.2477	1279	1453
18AC0018938-1.fasta.gz	17AC0001410.fasta.gz	97.2258	1293	1453
18AC0018938-1.fasta.gz	19AC0002350.fasta.gz	97.1566	1092	1453
18AC0018938-1.fasta.gz	19AC0011213.fasta.gz	97.1348	1165	1453
18AC0018938-1.fasta.gz	18AC0012154M.fasta.gz	82.4748	891	1453
18AC0018938-1.fasta.gz	18AC0018934.fasta.gz	82.4026	820	1453
18AC0018938-1.fasta.gz	19AC0002349.fasta.gz	81.132	643	1453
18AC0018938-1.fasta.gz	19AC0002349B2.fasta.gz	81.0645	675	1453
18AC0018938-1.fasta.gz	20AC0000919-C1.fasta.gz	80.9968	691	1453
18AC0018938-1.fasta.gz	18AC0018935.fasta.gz	80.8439	697	1453
18AC0018938-1.fasta.gz	16AC1611139-CAP.fasta.gz	78.3487	386	1453
18AC0018938-1.fasta.gz	19AC0011211-1.fasta.gz	77.9249	229	1453
18AC0018937-BA.fasta.gz	18AC0018937-BA.fasta.gz	100	656	659
18AC0018937-BA.fasta.gz	18AC0018937.fasta.gz	99.9779	634	659
18AC0018937-BA.fasta.gz	19AC0011209PEA.fasta.gz	99.9698	653	659
18AC0018937-BA.fasta.gz	19AC0011209-1.fasta.gz	99.6623	518	659
18AC0018937-BA.fasta.gz	17AC0001412BR.fasta.gz	79.637	128	659
18AC0018937-BAP.fasta.gz	18AC0018937-BAP.fasta.gz	100	981	997
18AC0018937-BAP.fasta.gz	19AC0016709.fasta.gz	84.4151	724	997
18AC0018937-BAP.fasta.gz	16AC1611141-CAP.fasta.gz	78.5716	218	997
18AC0018937.fasta.gz	18AC0018937.fasta.gz	100	662	667
18AC0018937.fasta.gz	19AC0011209PEA.fasta.gz	99.9817	656	667
18AC0018937.fasta.gz	18AC0018937-BA.fasta.gz	99.9453	631	667
18AC0018937.fasta.gz	19AC0011209-1.fasta.gz	99.6741	518	667
18AC0018937.fasta.gz	17AC0001412BR.fasta.gz	79.7458	129	667
19AC0002347.fasta.gz	19AC0002347.fasta.gz	99.9999	1095	1109
19AC0002348.fasta.gz	19AC0002348.fasta.gz	100	624	629
19AC0002348.fasta.gz	17AC0001409.fasta.gz	84.0631	374	629
19AC0002348.fasta.gz	18AC0002824.fasta.gz	79.6449	188	629
19AC0002349.fasta.gz	19AC0002349.fasta.gz	100	1527	1550
19AC0002349.fasta.gz	19AC0002349B2.fasta.gz	99.9305	1485	1550
19AC0002349.fasta.gz	20AC0000919-C1.fasta.gz	86.0664	1099	1550
19AC0002349.fasta.gz	18AC0018935.fasta.gz	83.83	1055	1550
19AC0002349.fasta.gz	18AC0018934.fasta.gz	81.1114	670	1550
19AC0002349.fasta.gz	18AC0012154M.fasta.gz	81.0384	719	1550
19AC0002349.fasta.gz	18AC0018938-1.fasta.gz	81.0224	654	1550
19AC0002349.fasta.gz	19AC0002350.fasta.gz	81.0189	614	1550
19AC0002349.fasta.gz	19AC0011213.fasta.gz	80.9244	631	1550
19AC0002349.fasta.gz	18AC0012153M.fasta.gz	80.894	655	1550
19AC0002349.fasta.gz	18AC0007008CHO.fasta.gz	80.8474	670	1550
19AC0002349.fasta.gz	17AC0001410.fasta.gz	80.804	687	1550
19AC0002349.fasta.gz	16AC1611138-CAP.fasta.gz	80.7616	692	1550
19AC0002349.fasta.gz	16AC1611139-CAP.fasta.gz	79.2917	576	1550
19AC0002349.fasta.gz	19AC0011211-1.fasta.gz	77.8478	237	1550
19AC0002350.fasta.gz	19AC0002350.fasta.gz	100	1282	1292
19AC0002350.fasta.gz	18AC0012153M.fasta.gz	98.3812	1117	1292
19AC0002350.fasta.gz	16AC1611138-CAP.fasta.gz	98.3598	1166	1292
19AC0002350.fasta.gz	18AC0007008CHO.fasta.gz	98.3546	1153	1292
19AC0002350.fasta.gz	17AC0001410.fasta.gz	98.3387	1167	1292
19AC0002350.fasta.gz	19AC0011213.fasta.gz	98.2919	1083	1292
19AC0002350.fasta.gz	18AC0018938-1.fasta.gz	97.3472	1108	1292
19AC0002350.fasta.gz	18AC0012154M.fasta.gz	82.3919	841	1292
19AC0002350.fasta.gz	18AC0018934.fasta.gz	82.2568	775	1292
19AC0002350.fasta.gz	19AC0002349.fasta.gz	80.9515	615	1292
19AC0002350.fasta.gz	20AC0000919-C1.fasta.gz	80.9279	663	1292
19AC0002350.fasta.gz	18AC0018935.fasta.gz	80.9166	645	1292
19AC0002350.fasta.gz	19AC0002349B2.fasta.gz	80.9141	653	1292
19AC0002350.fasta.gz	16AC1611139-CAP.fasta.gz	78.5113	371	1292
19AC0002350.fasta.gz	19AC0011211-1.fasta.gz	77.675	238	1292
19AC0002351.fasta.gz	19AC0002351.fasta.gz	100	616	624
19AC0002351.fasta.gz	18AC0012151C2.fasta.gz	99.9793	618	624
19AC0002351.fasta.gz	17AC0006312.fasta.gz	99.9629	612	624
19AC0002351.fasta.gz	17AC0012457-2.fasta.gz	99.9566	613	624
19AC0002351.fasta.gz	17AC0006312-1.fasta.gz	99.8687	595	624
19AC0002351.fasta.gz	18AC0018936-2.fasta.gz	99.7787	574	624
19AC0002351.fasta.gz	20AC0000920-B2.fasta.gz	99.6429	409	624
19AC0002351.fasta.gz	18AC0002825-2.fasta.gz	99.5637	395	624
19AC0002351.fasta.gz	20AC0000923-C.fasta.gz	96.8502	547	624
19AC0002351.fasta.gz	17AC0006313A.fasta.gz	79.6894	279	624
19AC0002351.fasta.gz	20AC0000921-B.fasta.gz	79.2017	220	624
19AC0002351.fasta.gz	19AC0016712.fasta.gz	78.8574	252	624
19AC0002351.fasta.gz	17AC0012457-1.fasta.gz	78.8382	261	624
19AC0002351.fasta.gz	17AC0001411B.fasta.gz	78.7995	267	624
19AC0002351.fasta.gz	19AC0016711.fasta.gz	78.5053	215	624
19AC0002351.fasta.gz	16AC1611140-CAP.fasta.gz	78.4201	238	624
19AC0002349B2.fasta.gz	19AC0002349B2.fasta.gz	100	1618	1627
19AC0002349B2.fasta.gz	19AC0002349.fasta.gz	99.8897	1469	1627
19AC0002349B2.fasta.gz	20AC0000919-C1.fasta.gz	86.3049	1142	1627
19AC0002349B2.fasta.gz	18AC0018935.fasta.gz	83.8975	1110	1627
19AC0002349B2.fasta.gz	18AC0012154M.fasta.gz	81.1523	749	1627
19AC0002349B2.fasta.gz	18AC0018938-1.fasta.gz	81.1342	675	1627
19AC0002349B2.fasta.gz	18AC0018934.fasta.gz	81.1223	698	1627
19AC0002349B2.fasta.gz	19AC0002350.fasta.gz	81.0556	638	1627
19AC0002349B2.fasta.gz	18AC0012153M.fasta.gz	80.973	680	1627
19AC0002349B2.fasta.gz	18AC0007008CHO.fasta.gz	80.9294	701	1627
19AC0002349B2.fasta.gz	19AC0011213.fasta.gz	80.9267	661	1627
19AC0002349B2.fasta.gz	16AC1611138-CAP.fasta.gz	80.886	704	1627
19AC0002349B2.fasta.gz	17AC0001410.fasta.gz	80.8829	706	1627
19AC0002349B2.fasta.gz	16AC1611139-CAP.fasta.gz	79.2644	616	1627
19AC0002349B2.fasta.gz	19AC0011211-1.fasta.gz	77.8887	250	1627
19AC0006459.fasta.gz	19AC0006459.fasta.gz	100	1774	1795
19AC0006459.fasta.gz	17AC0003892A.fasta.gz	99.6196	1354	1795
19AC0006459.fasta.gz	19AC0011209-1.fasta.gz	85.1663	495	1795
19AC0006460.fasta.gz	19AC0006460.fasta.gz	100	1694	1698
19AC0006460.fasta.gz	18AC0007010CHO.fasta.gz	99.9115	1614	1698
19AC0006460.fasta.gz	17AC0006310.fasta.gz	95.0562	1171	1698
19AC0006461.fasta.gz	19AC0006461.fasta.gz	100	593	598
19AC0006461.fasta.gz	18AC0012152.fasta.gz	99.9843	582	598
19AC0006461.fasta.gz	17AC0003893.fasta.gz	99.9703	579	598
19AC0006461.fasta.gz	18AC0017657.fasta.gz	99.945	556	598
19AC0006461.fasta.gz	19AC0011212.fasta.gz	97.1089	493	598
19AC0011211-1.fasta.gz	19AC0011211-1.fasta.gz	100	1100	1110
19AC0011211-1.fasta.gz	19AC0002349.fasta.gz	78.1519	227	1110
19AC0011211-1.fasta.gz	19AC0002349B2.fasta.gz	78.1393	235	1110
19AC0011211-1.fasta.gz	20AC0000919-C1.fasta.gz	78.0356	258	1110
19AC0011211-1.fasta.gz	18AC0012153M.fasta.gz	77.9567	236	1110
19AC0011211-1.fasta.gz	19AC0002350.fasta.gz	77.9273	232	1110
19AC0011211-1.fasta.gz	18AC0007008CHO.fasta.gz	77.8898	242	1110
19AC0011211-1.fasta.gz	17AC0001410.fasta.gz	77.8477	244	1110
19AC0011211-1.fasta.gz	16AC1611138-CAP.fasta.gz	77.8446	246	1110
19AC0011211-1.fasta.gz	19AC0011213.fasta.gz	77.8442	233	1110
19AC0011211-1.fasta.gz	18AC0012154M.fasta.gz	77.8416	239	1110
19AC0011211-1.fasta.gz	16AC1611139-CAP.fasta.gz	77.8226	250	1110
19AC0011211-1.fasta.gz	18AC0018938-1.fasta.gz	77.677	243	1110
19AC0011211-2.fasta.gz	19AC0011211-2.fasta.gz	100	914	918
19AC0011211-2.fasta.gz	17AC0001410A.fasta.gz	99.9565	897	918
19AC0011212.fasta.gz	19AC0011212.fasta.gz	100	560	565
19AC0011212.fasta.gz	19AC0006461.fasta.gz	97.2359	499	565
19AC0011212.fasta.gz	18AC0012152.fasta.gz	97.2112	498	565
19AC0011212.fasta.gz	17AC0003893.fasta.gz	97.199	493	565
19AC0011212.fasta.gz	18AC0017657.fasta.gz	97.1864	487	565
19AC0011212ANO.fasta.gz	19AC0011212ANO.fasta.gz	100	724	727
19AC0011213.fasta.gz	19AC0011213.fasta.gz	100	1330	1344
19AC0011213.fasta.gz	17AC0001410.fasta.gz	99.9951	1334	1344
19AC0011213.fasta.gz	16AC1611138-CAP.fasta.gz	99.9929	1334	1344
19AC0011213.fasta.gz	18AC0007008CHO.fasta.gz	99.9877	1331	1344
19AC0011213.fasta.gz	18AC0012153M.fasta.gz	99.9328	1282	1344
19AC0011213.fasta.gz	19AC0002350.fasta.gz	98.2071	1092	1344
19AC0011213.fasta.gz	18AC0018938-1.fasta.gz	97.2685	1183	1344
19AC0011213.fasta.gz	18AC0012154M.fasta.gz	82.4937	861	1344
19AC0011213.fasta.gz	18AC0018934.fasta.gz	82.2555	798	1344
19AC0011213.fasta.gz	20AC0000919-C1.fasta.gz	81.2132	669	1344
19AC0011213.fasta.gz	19AC0002349B2.fasta.gz	80.9061	672	1344
19AC0011213.fasta.gz	19AC0002349.fasta.gz	80.8302	636	1344
19AC0011213.fasta.gz	18AC0018935.fasta.gz	80.7528	695	1344
19AC0011213.fasta.gz	16AC1611139-CAP.fasta.gz	78.5553	369	1344
19AC0011213.fasta.gz	19AC0011211-1.fasta.gz	77.648	243	1344
19AC0011209-1.fasta.gz	19AC0011209-1.fasta.gz	100	1411	1431
19AC0011209-1.fasta.gz	18AC0018937.fasta.gz	99.9601	529	1431
19AC0011209-1.fasta.gz	18AC0018937-BA.fasta.gz	99.9358	527	1431
19AC0011209-1.fasta.gz	19AC0011209PEA.fasta.gz	99.85	537	1431
19AC0011209-1.fasta.gz	17AC0003892A.fasta.gz	85.9855	441	1431
19AC0011209-1.fasta.gz	19AC0006459.fasta.gz	85.8273	476	1431
19AC0011209PEA.fasta.gz	19AC0011209PEA.fasta.gz	100	685	685
19AC0011209PEA.fasta.gz	18AC0018937.fasta.gz	99.9815	650	685
19AC0011209PEA.fasta.gz	18AC0018937-BA.fasta.gz	99.9446	641	685
19AC0011209PEA.fasta.gz	19AC0011209-1.fasta.gz	99.7031	520	685
19AC0011209PEA.fasta.gz	17AC0001412BR.fasta.gz	79.7813	127	685
19AC0011210.fasta.gz	19AC0011210.fasta.gz	100	568	574
19AC0015929.fasta.gz	19AC0015929.fasta.gz	100	1290	1303
19AC0015929.fasta.gz	18AC0017658.fasta.gz	99.9621	1244	1303
19AC0015929.fasta.gz	19AC0015930.fasta.gz	82.7424	702	1303
19AC0015929.fasta.gz	18AC0007009CHO.fasta.gz	82.7299	725	1303
19AC0015929.fasta.gz	16AC1611139-CAP.fasta.gz	78.8671	386	1303
19AC0015930.fasta.gz	19AC0015930.fasta.gz	100	1157	1173
19AC0015930.fasta.gz	18AC0007009CHO.fasta.gz	99.9757	1146	1173
19AC0015930.fasta.gz	19AC0015929.fasta.gz	82.7959	708	1173
19AC0015930.fasta.gz	18AC0017658.fasta.gz	82.7555	716	1173
19AC0015930.fasta.gz	16AC1611139-CAP.fasta.gz	79.048	290	1173
19AC0015931.fasta.gz	19AC0015931.fasta.gz	100	1510	1523
19AC0015931.fasta.gz	18AC0002827.fasta.gz	86.0125	882	1523
19AC0016708.fasta.gz	19AC0016708.fasta.gz	100	1727	1745
19AC0016708.fasta.gz	17AC0006314.fasta.gz	80.4226	604	1745
19AC0016708.fasta.gz	20AC0000920-B1.fasta.gz	80.2403	764	1745
19AC0016709.fasta.gz	19AC0016709.fasta.gz	100	1031	1045
19AC0016709.fasta.gz	18AC0018937-BAP.fasta.gz	84.4512	728	1045
19AC0016709.fasta.gz	16AC1611141-CAP.fasta.gz	78.251	234	1045
19AC0016710.fasta.gz	19AC0016710.fasta.gz	100	528	534
19AC0016710.fasta.gz	17AC0006311.fasta.gz	99.994	526	534
19AC0016710.fasta.gz	17AC0001409.fasta.gz	89.8075	402	534
19AC0016710.fasta.gz	18AC0002826.fasta.gz	83.2038	149	534
19AC0016711.fasta.gz	19AC0016711.fasta.gz	100	835	835
19AC0016711.fasta.gz	20AC0000920-B2.fasta.gz	79.3381	157	835
19AC0016711.fasta.gz	18AC0002825-2.fasta.gz	79.2255	153	835
19AC0016711.fasta.gz	19AC0002351.fasta.gz	78.9575	209	835
19AC0016711.fasta.gz	18AC0018936-2.fasta.gz	78.9431	216	835
19AC0016711.fasta.gz	17AC0006312-1.fasta.gz	78.9231	219	835
19AC0016711.fasta.gz	20AC0000921-B.fasta.gz	78.8477	201	835
19AC0016711.fasta.gz	18AC0012151C2.fasta.gz	78.8241	242	835
19AC0016711.fasta.gz	17AC0012457-2.fasta.gz	78.8194	232	835
19AC0016711.fasta.gz	17AC0006312.fasta.gz	78.7441	241	835
19AC0016711.fasta.gz	16AC1611140-CAP.fasta.gz	78.4663	203	835
19AC0016711.fasta.gz	17AC0006313A.fasta.gz	78.4374	265	835
19AC0016711.fasta.gz	17AC0012457-1.fasta.gz	78.3777	246	835
19AC0016711.fasta.gz	19AC0016712.fasta.gz	78.3481	225	835
19AC0016711.fasta.gz	17AC0001411B.fasta.gz	78.2904	255	835
19AC0016711.fasta.gz	20AC0000923-C.fasta.gz	78.1918	232	835
19AC0016712.fasta.gz	19AC0016712.fasta.gz	100	738	749
19AC0016712.fasta.gz	17AC0001411B.fasta.gz	99.9816	744	749
19AC0016712.fasta.gz	17AC0012457-1.fasta.gz	99.9661	740	749
19AC0016712.fasta.gz	20AC0000921-B.fasta.gz	98.7824	578	749
19AC0016712.fasta.gz	18AC0002825-2.fasta.gz	79.3311	168	749
19AC0016712.fasta.gz	20AC0000920-B2.fasta.gz	79.1519	185	749
19AC0016712.fasta.gz	19AC0002351.fasta.gz	78.9871	245	749
19AC0016712.fasta.gz	17AC0006312.fasta.gz	78.914	263	749
19AC0016712.fasta.gz	17AC0006313A.fasta.gz	78.887	276	749
19AC0016712.fasta.gz	17AC0006312-1.fasta.gz	78.8841	262	749
19AC0016712.fasta.gz	17AC0012457-2.fasta.gz	78.8776	269	749
19AC0016712.fasta.gz	18AC0012151C2.fasta.gz	78.8485	269	749
19AC0016712.fasta.gz	20AC0000923-C.fasta.gz	78.8407	263	749
19AC0016712.fasta.gz	18AC0018936-2.fasta.gz	78.7969	251	749
19AC0016712.fasta.gz	16AC1611140-CAP.fasta.gz	78.7867	240	749
19AC0016712.fasta.gz	19AC0016711.fasta.gz	78.5866	227	749
20AC0000919-C1.fasta.gz	20AC0000919-C1.fasta.gz	100	1740	1752
20AC0000919-C1.fasta.gz	19AC0002349B2.fasta.gz	86.1474	1165	1752
20AC0000919-C1.fasta.gz	19AC0002349.fasta.gz	85.9967	1090	1752
20AC0000919-C1.fasta.gz	18AC0018935.fasta.gz	84.4387	1205	1752
20AC0000919-C1.fasta.gz	18AC0012153M.fasta.gz	81.1992	685	1752
20AC0000919-C1.fasta.gz	19AC0002350.fasta.gz	81.1847	650	1752
20AC0000919-C1.fasta.gz	19AC0011213.fasta.gz	81.1648	687	1752
20AC0000919-C1.fasta.gz	16AC1611138-CAP.fasta.gz	81.1521	723	1752
20AC0000919-C1.fasta.gz	17AC0001410.fasta.gz	81.1311	724	1752
20AC0000919-C1.fasta.gz	18AC0007008CHO.fasta.gz	81.1183	716	1752
20AC0000919-C1.fasta.gz	18AC0018934.fasta.gz	81.069	712	1752
20AC0000919-C1.fasta.gz	18AC0012154M.fasta.gz	81.0019	774	1752
20AC0000919-C1.fasta.gz	18AC0018938-1.fasta.gz	80.9465	699	1752
20AC0000919-C1.fasta.gz	16AC1611139-CAP.fasta.gz	79.5612	652	1752
20AC0000919-C1.fasta.gz	19AC0011211-1.fasta.gz	77.8173	258	1752
20AC0000920-B1.fasta.gz	20AC0000920-B1.fasta.gz	100	2058	2074
20AC0000920-B1.fasta.gz	17AC0006314.fasta.gz	98.8411	1170	2074
20AC0000920-B1.fasta.gz	19AC0016708.fasta.gz	80.1374	772	2074
20AC0000920-B2.fasta.gz	20AC0000920-B2.fasta.gz	100	444	448
20AC0000920-B2.fasta.gz	17AC0012457-2.fasta.gz	99.9927	435	448
20AC0000920-B2.fasta.gz	18AC0012151C2.fasta.gz	99.9858	442	448
20AC0000920-B2.fasta.gz	17AC0006312.fasta.gz	99.9849	441	448
20AC0000920-B2.fasta.gz	17AC0006312-1.fasta.gz	99.9523	437	448
20AC0000920-B2.fasta.gz	19AC0002351.fasta.gz	99.9019	411	448
20AC0000920-B2.fasta.gz	18AC0018936-2.fasta.gz	99.8184	414	448
20AC0000920-B2.fasta.gz	18AC0002825-2.fasta.gz	99.6411	361	448
20AC0000920-B2.fasta.gz	20AC0000923-C.fasta.gz	97.015	401	448
20AC0000920-B2.fasta.gz	17AC0006313A.fasta.gz	80.1177	210	448
20AC0000920-B2.fasta.gz	20AC0000921-B.fasta.gz	79.4145	177	448
20AC0000920-B2.fasta.gz	19AC0016712.fasta.gz	79.3655	189	448
20AC0000920-B2.fasta.gz	17AC0001411B.fasta.gz	79.3379	196	448
20AC0000920-B2.fasta.gz	17AC0012457-1.fasta.gz	79.2297	189	448
20AC0000920-B2.fasta.gz	19AC0016711.fasta.gz	79.216	159	448
20AC0000920-B2.fasta.gz	16AC1611140-CAP.fasta.gz	78.7598	176	448
20AC0000921-B.fasta.gz	20AC0000921-B.fasta.gz	99.9999	634	645
20AC0000921-B.fasta.gz	17AC0012457-1.fasta.gz	98.9903	599	645
20AC0000921-B.fasta.gz	17AC0001411B.fasta.gz	98.9517	603	645
20AC0000921-B.fasta.gz	19AC0016712.fasta.gz	98.9231	584	645
20AC0000921-B.fasta.gz	18AC0002825-2.fasta.gz	79.5386	154	645
20AC0000921-B.fasta.gz	20AC0000920-B2.fasta.gz	79.4525	167	645
20AC0000921-B.fasta.gz	19AC0002351.fasta.gz	79.3805	212	645
20AC0000921-B.fasta.gz	17AC0006313A.fasta.gz	79.3455	243	645
20AC0000921-B.fasta.gz	20AC0000923-C.fasta.gz	79.2562	227	645
20AC0000921-B.fasta.gz	17AC0012457-2.fasta.gz	79.2511	229	645
20AC0000921-B.fasta.gz	17AC0006312-1.fasta.gz	79.216	227	645
20AC0000921-B.fasta.gz	17AC0006312.fasta.gz	79.081	231	645
20AC0000921-B.fasta.gz	18AC0012151C2.fasta.gz	79.0405	233	645
20AC0000921-B.fasta.gz	18AC0018936-2.fasta.gz	79.0156	212	645
20AC0000921-B.fasta.gz	16AC1611140-CAP.fasta.gz	78.8818	214	645
20AC0000921-B.fasta.gz	19AC0016711.fasta.gz	78.6698	204	645
20AC0000922-BO2.fasta.gz	20AC0000922-BO2.fasta.gz	100	603	606
20AC0000922-BO2.fasta.gz	17AC0012455-1AN.fasta.gz	90.7273	443	606
20AC0000922-BO2.fasta.gz	17AC0012455-1A.fasta.gz	90.5287	486	606
20AC0000922-BO2.fasta.gz	17AC0001412BR.fasta.gz	79.2172	130	606
20AC0000922-C2ANO2.fasta.gz	20AC0000922-C2ANO2.fasta.gz	100	1510	1548
20AC0000922-C2ANO2.fasta.gz	18AC0018936-ANO2.fasta.gz	79.3456	336	1548
20AC0000923-C.fasta.gz	20AC0000923-C.fasta.gz	100	715	723
20AC0000923-C.fasta.gz	18AC0012151C2.fasta.gz	96.956	646	723
20AC0000923-C.fasta.gz	17AC0012457-2.fasta.gz	96.9556	625	723
20AC0000923-C.fasta.gz	17AC0006312.fasta.gz	96.9475	642	723
20AC0000923-C.fasta.gz	17AC0006312-1.fasta.gz	96.866	589	723
20AC0000923-C.fasta.gz	18AC0018936-2.fasta.gz	96.8474	577	723
20AC0000923-C.fasta.gz	19AC0002351.fasta.gz	96.8343	552	723
20AC0000923-C.fasta.gz	18AC0002825-2.fasta.gz	96.803	386	723
20AC0000923-C.fasta.gz	20AC0000920-B2.fasta.gz	96.6355	395	723
20AC0000923-C.fasta.gz	17AC0006313A.fasta.gz	79.7264	323	723
20AC0000923-C.fasta.gz	20AC0000921-B.fasta.gz	79.3001	229	723
20AC0000923-C.fasta.gz	16AC1611140-CAP.fasta.gz	78.9263	235	723
20AC0000923-C.fasta.gz	19AC0016712.fasta.gz	78.8269	267	723
20AC0000923-C.fasta.gz	17AC0012457-1.fasta.gz	78.7484	286	723
20AC0000923-C.fasta.gz	17AC0001411B.fasta.gz	78.7225	295	723
20AC0000923-C.fasta.gz	19AC0016711.fasta.gz	78.2949	232	723
