genome1,genome2,ani1,ani2,ani_mean
1,0,,,
2,0,,,
2,1,78.424,78.6508,78.5374
3,0,,,
3,1,,,
3,2,,,
4,0,,,
4,1,,,
4,2,,,
4,3,,,
5,0,,,
5,1,,,
5,2,,,
5,3,,,
5,4,,,
6,0,,,
6,1,,,
6,2,,,
6,3,,,
6,4,,,
6,5,,,
7,0,,,
7,1,,,
7,2,,,
7,3,,,
7,4,,,
7,5,,,
7,6,,,
8,0,,,
8,1,99.9804,99.9898,99.9851
8,2,78.68,78.5049,78.59245000000001
8,3,,,
8,4,,,
8,5,,,
8,6,,,
8,7,,,
9,0,,,
9,1,,,
9,2,,,
9,3,,,
9,4,,,
9,5,,,
9,6,,,
9,7,,,
9,8,,,
10,0,,,
10,1,,,
10,2,,,
10,3,78.6755,78.6266,78.65105
10,4,,,
10,5,,,
10,6,,,
10,7,,,
10,8,,,
10,9,,,
11,0,,,
11,1,,,
11,2,,,
11,3,,,
11,4,,,
11,5,,,
11,6,,,
11,7,,,
11,8,,,
11,9,,,
11,10,,,
12,0,,,
12,1,,,
12,2,,,
12,3,,,
12,4,,,
12,5,,,
12,6,,,
12,7,,,
12,8,,,
12,9,,,
12,10,,,
12,11,,,
13,0,,,
13,1,,,
13,2,,,
13,3,,,
13,4,,,
13,5,,,
13,6,,,
13,7,,,
13,8,,,
13,9,,,
13,10,,,
13,11,,,
13,12,,,
14,0,,,
14,1,,,
14,2,,,
14,3,,,
14,4,,,
14,5,,,
14,6,,,
14,7,,,
14,8,,,
14,9,,,
14,10,,,
14,11,,,
14,12,,,
14,13,,,
15,0,,,
15,1,,,
15,2,,,
15,3,,,
15,4,,,
15,5,,,
15,6,,,
15,7,,,
15,8,,,
15,9,,,
15,10,,,
15,11,,,
15,12,,,
15,13,,,
15,14,,,
16,0,,,
16,1,,,
16,2,,,
16,3,,,
16,4,,,
16,5,,,
16,6,,,
16,7,89.7001,89.6383,89.6692
16,8,,,
16,9,,,
16,10,,,
16,11,,,
16,12,,,
16,13,,,
16,14,,,
16,15,,,
17,0,,,
17,1,,,
17,2,,,
17,3,78.4338,78.4151,78.42445000000001
17,4,,,
17,5,,,
17,6,,,
17,7,,,
17,8,,,
17,9,,,
17,10,78.6035,78.7515,78.6775
17,11,,,
17,12,,,
17,13,,,
17,14,,,
17,15,,,
17,16,,,
18,0,,,
18,1,,,
18,2,,,
18,3,79.3932,79.3333,79.36325
18,4,,,
18,5,,,
18,6,,,
18,7,,,
18,8,,,
18,9,,,
18,10,79.2148,79.2363,79.22555
18,11,,,
18,12,,,
18,13,,,
18,14,,,
18,15,,,
18,16,,,
18,17,79.8662,79.7798,79.82300000000001
19,0,,,
19,1,,,
19,2,,,
19,3,,,
19,4,,,
19,5,,,
19,6,,,
19,7,,,
19,8,,,
19,9,,,
19,10,,,
19,11,,,
19,12,,,
19,13,,,
19,14,,,
19,15,,,
19,16,,,
19,17,,,
19,18,,,
20,0,,,
20,1,,,
20,2,,,
20,3,,,
20,4,,,
20,5,,,
20,6,,,
20,7,,,
20,8,,,
20,9,,,
20,10,,,
20,11,,,
20,12,,,
20,13,,,
20,14,,,
20,15,,,
20,16,,,
20,17,,,
20,18,,,
20,19,,,
21,0,,,
21,1,,,
21,2,,,
21,3,78.7312,78.4713,78.60125
21,4,,,
21,5,,,
21,6,,,
21,7,,,
21,8,,,
21,9,,,
21,10,78.8259,78.7706,78.79825
21,11,,,
21,12,,,
21,13,,,
21,14,,,
21,15,,,
21,16,,,
21,17,99.9582,99.8356,99.8969
21,18,79.7652,80.0606,79.9129
21,19,,,
21,20,,,
22,0,,,
22,1,,,
22,2,,,
22,3,,,
22,4,,,
22,5,,,
22,6,,,
22,7,,,
22,8,,,
22,9,,,
22,10,,,
22,11,,,
22,12,,,
22,13,,,
22,14,,,
22,15,,,
22,16,,,
22,17,,,
22,18,,,
22,19,,,
22,20,,,
22,21,,,
23,0,,,
23,1,,,
23,2,,,
23,3,,,
23,4,,,
23,5,,,
23,6,,,
23,7,,,
23,8,,,
23,9,,,
23,10,,,
23,11,,,
23,12,,,
23,13,,,
23,14,,,
23,15,,,
23,16,,,
23,17,,,
23,18,,,
23,19,,,
23,20,,,
23,21,,,
23,22,,,
24,0,,,
24,1,,,
24,2,,,
24,3,,,
24,4,,,
24,5,,,
24,6,,,
24,7,,,
24,8,,,
24,9,,,
24,10,,,
24,11,78.9185,78.43,78.67425
24,12,,,
24,13,,,
24,14,,,
24,15,,,
24,16,,,
24,17,,,
24,18,,,
24,19,,,
24,20,,,
24,21,,,
24,22,,,
24,23,,,
25,0,,,
25,1,,,
25,2,,,
25,3,,,
25,4,,,
25,5,,,
25,6,,,
25,7,,,
25,8,,,
25,9,,,
25,10,,,
25,11,,,
25,12,,,
25,13,,,
25,14,,,
25,15,,,
25,16,,,
25,17,,,
25,18,,,
25,19,,,
25,20,,,
25,21,,,
25,22,,,
25,23,,,
25,24,,,
26,0,,,
26,1,,,
26,2,,,
26,3,78.7855,78.5521,78.6688
26,4,,,
26,5,,,
26,6,,,
26,7,,,
26,8,,,
26,9,,,
26,10,99.9879,99.915,99.95145
26,11,,,
26,12,,,
26,13,,,
26,14,,,
26,15,,,
26,16,,,
26,17,78.8669,78.5647,78.7158
26,18,79.0512,79.0441,79.04765
26,19,,,
26,20,,,
26,21,78.9136,78.888,78.9008
26,22,,,
26,23,,,
26,24,,,
26,25,,,
27,0,,,
27,1,,,
27,2,,,
27,3,78.6094,78.5532,78.5813
27,4,,,
27,5,,,
27,6,,,
27,7,,,
27,8,,,
27,9,,,
27,10,78.7709,78.6796,78.72524999999999
27,11,,,
27,12,,,
27,13,,,
27,14,,,
27,15,,,
27,16,,,
27,17,99.9531,99.9573,99.9552
27,18,79.8575,79.9358,79.89665
27,19,,,
27,20,,,
27,21,99.8435,99.9374,99.89045
27,22,,,
27,23,,,
27,24,,,
27,25,,,
27,26,78.7549,78.8067,78.7808
28,0,,,
28,1,,,
28,2,,,
28,3,,,
28,4,,,
28,5,,,
28,6,,,
28,7,,,
28,8,,,
28,9,,,
28,10,,,
28,11,78.7727,78.3441,78.5584
28,12,,,
28,13,,,
28,14,,,
28,15,,,
28,16,,,
28,17,,,
28,18,,,
28,19,,,
28,20,,,
28,21,,,
28,22,,,
28,23,,,
28,24,99.8705,99.9511,99.9108
28,25,,,
28,26,,,
28,27,,,
29,0,,,
29,1,,,
29,2,,,
29,3,,,
29,4,,,
29,5,,,
29,6,,,
29,7,79.8359,79.6554,79.74565
29,8,,,
29,9,,,
29,10,,,
29,11,,,
29,12,,,
29,13,,,
29,14,,,
29,15,,,
29,16,,,
29,17,,,
29,18,,,
29,19,,,
29,20,,,
29,21,,,
29,22,,,
29,23,,,
29,24,,,
29,25,,,
29,26,,,
29,27,,,
29,28,,,
30,0,,,
30,1,,,
30,2,,,
30,3,,,
30,4,,,
30,5,,,
30,6,,,
30,7,,,
30,8,,,
30,9,,,
30,10,,,
30,11,,,
30,12,,,
30,13,,,
30,14,,,
30,15,,,
30,16,,,
30,17,,,
30,18,,,
30,19,,,
30,20,,,
30,21,,,
30,22,,,
30,23,,,
30,24,,,
30,25,,,
30,26,,,
30,27,,,
30,28,,,
30,29,,,
31,0,,,
31,1,,,
31,2,,,
31,3,78.7556,78.5908,78.67320000000001
31,4,,,
31,5,,,
31,6,,,
31,7,,,
31,8,,,
31,9,,,
31,10,79.2634,79.402,79.3327
31,11,,,
31,12,,,
31,13,,,
31,14,,,
31,15,,,
31,16,,,
31,17,99.9859,99.5321,99.759
31,18,80.0045,80.3835,80.19399999999999
31,19,,,
31,20,,,
31,21,99.9433,99.583,99.76315
31,22,,,
31,23,,,
31,24,,,
31,25,,,
31,26,79.2443,79.0895,79.1669
31,27,99.9254,99.5278,99.72659999999999
31,28,,,
31,29,,,
31,30,,,
32,0,,,
32,1,,,
32,2,,,
32,3,,,
32,4,,,
32,5,,,
32,6,,,
32,7,80.1413,79.8324,79.98685
32,8,,,
32,9,,,
32,10,,,
32,11,,,
32,12,,,
32,13,,,
32,14,,,
32,15,,,
32,16,83.6165,83.0069,83.3117
32,17,,,
32,18,,,
32,19,,,
32,20,,,
32,21,,,
32,22,,,
32,23,,,
32,24,,,
32,25,,,
32,26,,,
32,27,,,
32,28,,,
32,29,,,
32,30,,,
32,31,,,
33,0,,,
33,1,,,
33,2,,,
33,3,,,
33,4,,,
33,5,,,
33,6,,,
33,7,,,
33,8,,,
33,9,,,
33,10,,,
33,11,,,
33,12,,,
33,13,,,
33,14,,,
33,15,,,
33,16,,,
33,17,,,
33,18,,,
33,19,,,
33,20,,,
33,21,,,
33,22,,,
33,23,,,
33,24,,,
33,25,,,
33,26,,,
33,27,,,
33,28,,,
33,29,,,
33,30,,,
33,31,,,
33,32,,,
34,0,,,
34,1,,,
34,2,,,
34,3,,,
34,4,,,
34,5,,,
34,6,,,
34,7,,,
34,8,,,
34,9,,,
34,10,,,
34,11,,,
34,12,,,
34,13,,,
34,14,,,
34,15,,,
34,16,,,
34,17,,,
34,18,,,
34,19,,,
34,20,,,
34,21,,,
34,22,,,
34,23,,,
34,24,,,
34,25,,,
34,26,,,
34,27,,,
34,28,,,
34,29,,,
34,30,,,
34,31,,,
34,32,,,
34,33,,,
35,0,,,
35,1,99.975,99.9715,99.97325000000001
35,2,78.6568,78.5508,78.6038
35,3,,,
35,4,,,
35,5,,,
35,6,,,
35,7,,,
35,8,99.9939,99.9678,99.98085
35,9,,,
35,10,,,
35,11,,,
35,12,,,
35,13,,,
35,14,,,
35,15,,,
35,16,,,
35,17,,,
35,18,,,
35,19,,,
35,20,,,
35,21,,,
35,22,,,
35,23,,,
35,24,,,
35,25,,,
35,26,,,
35,27,,,
35,28,,,
35,29,,,
35,30,,,
35,31,,,
35,32,,,
35,33,,,
35,34,,,
36,0,,,
36,1,,,
36,2,79.1503,79.0848,79.11755
36,3,,,
36,4,,,
36,5,,,
36,6,,,
36,7,,,
36,8,,,
36,9,,,
36,10,,,
36,11,,,
36,12,,,
36,13,,,
36,14,,,
36,15,,,
36,16,,,
36,17,,,
36,18,,,
36,19,,,
36,20,,,
36,21,,,
36,22,,,
36,23,,,
36,24,,,
36,25,,,
36,26,,,
36,27,,,
36,28,,,
36,29,,,
36,30,,,
36,31,,,
36,32,,,
36,33,,,
36,34,,,
36,35,,,
37,0,,,
37,1,,,
37,2,,,
37,3,,,
37,4,,,
37,5,,,
37,6,,,
37,7,,,
37,8,,,
37,9,,,
37,10,,,
37,11,,,
37,12,,,
37,13,,,
37,14,,,
37,15,94.9992,95.1907,95.09495000000001
37,16,,,
37,17,,,
37,18,,,
37,19,,,
37,20,,,
37,21,,,
37,22,,,
37,23,,,
37,24,,,
37,25,,,
37,26,,,
37,27,,,
37,28,,,
37,29,,,
37,30,,,
37,31,,,
37,32,,,
37,33,,,
37,34,,,
37,35,,,
37,36,,,
38,0,,,
38,1,,,
38,2,,,
38,3,,,
38,4,,,
38,5,,,
38,6,,,
38,7,,,
38,8,,,
38,9,,,
38,10,,,
38,11,,,
38,12,,,
38,13,,,
38,14,,,
38,15,,,
38,16,,,
38,17,,,
38,18,,,
38,19,,,
38,20,,,
38,21,,,
38,22,,,
38,23,,,
38,24,,,
38,25,,,
38,26,,,
38,27,,,
38,28,,,
38,29,,,
38,30,,,
38,31,,,
38,32,,,
38,33,,,
38,34,,,
38,35,,,
38,36,,,
38,37,,,
39,0,,,
39,1,,,
39,2,,,
39,3,,,
39,4,,,
39,5,,,
39,6,,,
39,7,,,
39,8,,,
39,9,,,
39,10,,,
39,11,,,
39,12,,,
39,13,,,
39,14,,,
39,15,,,
39,16,,,
39,17,,,
39,18,,,
39,19,,,
39,20,,,
39,21,,,
39,22,,,
39,23,,,
39,24,,,
39,25,,,
39,26,,,
39,27,,,
39,28,,,
39,29,,,
39,30,,,
39,31,,,
39,32,,,
39,33,,,
39,34,,,
39,35,,,
39,36,,,
39,37,,,
39,38,,,
40,0,,,
40,1,,,
40,2,,,
40,3,78.5486,78.3421,78.44534999999999
40,4,,,
40,5,,,
40,6,,,
40,7,,,
40,8,,,
40,9,,,
40,10,78.6246,78.7292,78.6769
40,11,,,
40,12,,,
40,13,,,
40,14,,,
40,15,,,
40,16,,,
40,17,99.9531,99.9785,99.9658
40,18,79.654,79.923,79.7885
40,19,,,
40,20,,,
40,21,99.8683,99.9702,99.91925
40,22,,,
40,23,,,
40,24,,,
40,25,,,
40,26,78.6043,78.816,78.71015
40,27,99.9223,99.9839,99.9531
40,28,,,
40,29,,,
40,30,,,
40,31,99.595,99.9785,99.78675
40,32,,,
40,33,,,
40,34,,,
40,35,,,
40,36,,,
40,37,,,
40,38,,,
40,39,,,
41,0,,,
41,1,,,
41,2,,,
41,3,,,
41,4,,,
41,5,,,
41,6,,,
41,7,,,
41,8,,,
41,9,,,
41,10,,,
41,11,,,
41,12,99.975,99.9876,99.9813
41,13,,,
41,14,,,
41,15,,,
41,16,,,
41,17,,,
41,18,,,
41,19,,,
41,20,,,
41,21,,,
41,22,,,
41,23,,,
41,24,,,
41,25,,,
41,26,,,
41,27,,,
41,28,,,
41,29,,,
41,30,,,
41,31,,,
41,32,,,
41,33,,,
41,34,,,
41,35,,,
41,36,,,
41,37,,,
41,38,,,
41,39,,,
41,40,,,
42,0,,,
42,1,,,
42,2,,,
42,3,,,
42,4,,,
42,5,,,
42,6,,,
42,7,,,
42,8,,,
42,9,,,
42,10,,,
42,11,,,
42,12,,,
42,13,,,
42,14,,,
42,15,,,
42,16,,,
42,17,,,
42,18,,,
42,19,,,
42,20,,,
42,21,,,
42,22,,,
42,23,,,
42,24,,,
42,25,,,
42,26,,,
42,27,,,
42,28,,,
42,29,,,
42,30,,,
42,31,,,
42,32,,,
42,33,,,
42,34,,,
42,35,,,
42,36,,,
42,37,,,
42,38,,,
42,39,,,
42,40,,,
42,41,,,
43,0,,,
43,1,99.9917,99.8777,99.93469999999999
43,2,78.4656,78.502,78.4838
43,3,,,
43,4,,,
43,5,,,
43,6,,,
43,7,,,
43,8,99.9949,99.8638,99.92935
43,9,,,
43,10,,,
43,11,,,
43,12,,,
43,13,,,
43,14,,,
43,15,,,
43,16,,,
43,17,,,
43,18,,,
43,19,,,
43,20,,,
43,21,,,
43,22,,,
43,23,,,
43,24,,,
43,25,,,
43,26,,,
43,27,,,
43,28,,,
43,29,,,
43,30,,,
43,31,,,
43,32,,,
43,33,,,
43,34,,,
43,35,99.9786,99.8967,99.93764999999999
43,36,,,
43,37,,,
43,38,,,
43,39,,,
43,40,,,
43,41,,,
43,42,,,
44,0,,,
44,1,82.2806,82.2726,82.2766
44,2,78.5139,78.6083,78.56110000000001
44,3,,,
44,4,,,
44,5,,,
44,6,,,
44,7,,,
44,8,82.2734,82.2925,82.28295
44,9,,,
44,10,,,
44,11,,,
44,12,,,
44,13,,,
44,14,,,
44,15,,,
44,16,,,
44,17,,,
44,18,,,
44,19,,,
44,20,,,
44,21,,,
44,22,,,
44,23,,,
44,24,,,
44,25,,,
44,26,,,
44,27,,,
44,28,,,
44,29,,,
44,30,,,
44,31,,,
44,32,,,
44,33,,,
44,34,,,
44,35,82.2834,82.2572,82.27029999999999
44,36,,,
44,37,,,
44,38,,,
44,39,,,
44,40,,,
44,41,,,
44,42,,,
44,43,82.3228,82.411,82.3669
45,0,,,
45,1,,,
45,2,,,
45,3,,,
45,4,,,
45,5,,,
45,6,,,
45,7,,,
45,8,,,
45,9,,,
45,10,,,
45,11,,,
45,12,,,
45,13,99.9773,99.9381,99.9577
45,14,,,
45,15,,,
45,16,,,
45,17,,,
45,18,,,
45,19,,,
45,20,,,
45,21,,,
45,22,,,
45,23,,,
45,24,,,
45,25,,,
45,26,,,
45,27,,,
45,28,,,
45,29,,,
45,30,,,
45,31,,,
45,32,,,
45,33,,,
45,34,,,
45,35,,,
45,36,,,
45,37,,,
45,38,,,
45,39,,,
45,40,,,
45,41,,,
45,42,,,
45,43,,,
45,44,,,
46,0,,,
46,1,,,
46,2,,,
46,3,,,
46,4,,,
46,5,,,
46,6,,,
46,7,,,
46,8,,,
46,9,,,
46,10,,,
46,11,,,
46,12,99.9914,99.9228,99.9571
46,13,,,
46,14,,,
46,15,,,
46,16,,,
46,17,,,
46,18,,,
46,19,,,
46,20,,,
46,21,,,
46,22,,,
46,23,,,
46,24,,,
46,25,,,
46,26,,,
46,27,,,
46,28,,,
46,29,,,
46,30,,,
46,31,,,
46,32,,,
46,33,,,
46,34,,,
46,35,,,
46,36,,,
46,37,,,
46,38,,,
46,39,,,
46,40,,,
46,41,99.9798,99.9431,99.96145
46,42,,,
46,43,,,
46,44,,,
46,45,,,
47,0,,,
47,1,,,
47,2,78.8263,78.9535,78.88990000000001
47,3,,,
47,4,,,
47,5,,,
47,6,,,
47,7,,,
47,8,,,
47,9,,,
47,10,,,
47,11,,,
47,12,,,
47,13,,,
47,14,,,
47,15,,,
47,16,,,
47,17,,,
47,18,,,
47,19,,,
47,20,,,
47,21,,,
47,22,,,
47,23,,,
47,24,,,
47,25,,,
47,26,,,
47,27,,,
47,28,,,
47,29,,,
47,30,,,
47,31,,,
47,32,,,
47,33,,,
47,34,,,
47,35,,,
47,36,82.7711,82.6254,82.69825
47,37,,,
47,38,,,
47,39,,,
47,40,,,
47,41,,,
47,42,,,
47,43,,,
47,44,,,
47,45,,,
47,46,,,
48,0,,,
48,1,82.3823,82.1748,82.27855
48,2,78.798,78.8618,78.82990000000001
48,3,,,
48,4,,,
48,5,,,
48,6,,,
48,7,,,
48,8,82.3916,82.2499,82.32075
48,9,,,
48,10,,,
48,11,,,
48,12,,,
48,13,,,
48,14,,,
48,15,,,
48,16,,,
48,17,,,
48,18,,,
48,19,,,
48,20,,,
48,21,,,
48,22,,,
48,23,,,
48,24,,,
48,25,,,
48,26,,,
48,27,,,
48,28,,,
48,29,,,
48,30,,,
48,31,,,
48,32,,,
48,33,,,
48,34,,,
48,35,82.3861,82.1162,82.25115
48,36,,,
48,37,,,
48,38,,,
48,39,,,
48,40,,,
48,41,,,
48,42,,,
48,43,82.4047,82.2333,82.319
48,44,82.9829,82.8575,82.9202
48,45,,,
48,46,,,
48,47,,,
49,0,,,
49,1,80.8466,80.8242,80.83539999999999
49,2,78.9988,79.1485,79.07365
49,3,,,
49,4,,,
49,5,,,
49,6,,,
49,7,,,
49,8,80.8792,80.6933,80.78625
49,9,,,
49,10,,,
49,11,,,
49,12,,,
49,13,,,
49,14,,,
49,15,,,
49,16,,,
49,17,,,
49,18,,,
49,19,,,
49,20,,,
49,21,,,
49,22,,,
49,23,,,
49,24,,,
49,25,,,
49,26,,,
49,27,,,
49,28,,,
49,29,,,
49,30,,,
49,31,,,
49,32,,,
49,33,,,
49,34,,,
49,35,80.8709,80.7545,80.8127
49,36,,,
49,37,,,
49,38,,,
49,39,,,
49,40,,,
49,41,,,
49,42,,,
49,43,80.8989,80.7759,80.8374
49,44,81.135,81.0485,81.09175
49,45,,,
49,46,,,
49,47,,,
49,48,81.1033,81.1479,81.1256
50,0,,,
50,1,,,
50,2,,,
50,3,78.4181,78.3156,78.36685
50,4,,,
50,5,,,
50,6,,,
50,7,,,
50,8,,,
50,9,,,
50,10,78.9175,78.6435,78.7805
50,11,,,
50,12,,,
50,13,,,
50,14,,,
50,15,,,
50,16,,,
50,17,99.9299,99.8027,99.8663
50,18,79.6284,79.83,79.72919999999999
50,19,,,
50,20,,,
50,21,99.7627,99.7839,99.7733
50,22,,,
50,23,,,
50,24,,,
50,25,,,
50,26,78.9528,78.7625,78.85765
50,27,99.8903,99.828,99.85915
50,28,,,
50,29,,,
50,30,,,
50,31,99.4335,99.7843,99.6089
50,32,,,
50,33,,,
50,34,,,
50,35,,,
50,36,,,
50,37,,,
50,38,,,
50,39,,,
50,40,99.9516,99.8317,99.89165
50,41,,,
50,42,,,
50,43,,,
50,44,,,
50,45,,,
50,46,,,
50,47,,,
50,48,,,
50,49,,,
51,0,,,
51,1,,,
51,2,,,
51,3,,,
51,4,,,
51,5,,,
51,6,,,
51,7,,,
51,8,,,
51,9,,,
51,10,,,
51,11,,,
51,12,,,
51,13,,,
51,14,,,
51,15,,,
51,16,,,
51,17,,,
51,18,,,
51,19,,,
51,20,,,
51,21,,,
51,22,,,
51,23,,,
51,24,,,
51,25,,,
51,26,,,
51,27,,,
51,28,,,
51,29,,,
51,30,,,
51,31,,,
51,32,,,
51,33,,,
51,34,,,
51,35,,,
51,36,,,
51,37,,,
51,38,,,
51,39,,,
51,40,,,
51,41,,,
51,42,,,
51,43,,,
51,44,,,
51,45,,,
51,46,,,
51,47,,,
51,48,,,
51,49,,,
51,50,,,
52,0,,,
52,1,97.2761,97.245,97.26055
52,2,78.3487,78.4654,78.40705
52,3,,,
52,4,,,
52,5,,,
52,6,,,
52,7,,,
52,8,97.2258,97.2161,97.22095
52,9,,,
52,10,,,
52,11,,,
52,12,,,
52,13,,,
52,14,,,
52,15,,,
52,16,,,
52,17,,,
52,18,,,
52,19,,,
52,20,,,
52,21,,,
52,22,,,
52,23,,,
52,24,,,
52,25,,,
52,26,,,
52,27,,,
52,28,,,
52,29,,,
52,30,,,
52,31,,,
52,32,,,
52,33,,,
52,34,,,
52,35,97.2477,97.3305,97.28909999999999
52,36,,,
52,37,,,
52,38,,,
52,39,,,
52,40,,,
52,41,,,
52,42,,,
52,43,97.2673,97.3678,97.31755000000001
52,44,82.4748,82.3282,82.4015
52,45,,,
52,46,,,
52,47,,,
52,48,82.4026,82.4149,82.40875
52,49,80.8439,80.8304,80.83715000000001
52,50,,,
52,51,,,
53,0,,,
53,1,,,
53,2,,,
53,3,,,
53,4,,,
53,5,,,
53,6,,,
53,7,,,
53,8,,,
53,9,,,
53,10,,,
53,11,79.637,79.2586,79.4478
53,12,,,
53,13,,,
53,14,,,
53,15,,,
53,16,,,
53,17,,,
53,18,,,
53,19,,,
53,20,,,
53,21,,,
53,22,,,
53,23,,,
53,24,,,
53,25,,,
53,26,,,
53,27,,,
53,28,,,
53,29,,,
53,30,,,
53,31,,,
53,32,,,
53,33,,,
53,34,,,
53,35,,,
53,36,,,
53,37,,,
53,38,,,
53,39,,,
53,40,,,
53,41,,,
53,42,,,
53,43,,,
53,44,,,
53,45,,,
53,46,,,
53,47,,,
53,48,,,
53,49,,,
53,50,,,
53,51,,,
53,52,,,
54,0,,,
54,1,,,
54,2,,,
54,3,,,
54,4,78.5716,78.2666,78.4191
54,5,,,
54,6,,,
54,7,,,
54,8,,,
54,9,,,
54,10,,,
54,11,,,
54,12,,,
54,13,,,
54,14,,,
54,15,,,
54,16,,,
54,17,,,
54,18,,,
54,19,,,
54,20,,,
54,21,,,
54,22,,,
54,23,,,
54,24,,,
54,25,,,
54,26,,,
54,27,,,
54,28,,,
54,29,,,
54,30,,,
54,31,,,
54,32,,,
54,33,,,
54,34,,,
54,35,,,
54,36,,,
54,37,,,
54,38,,,
54,39,,,
54,40,,,
54,41,,,
54,42,,,
54,43,,,
54,44,,,
54,45,,,
54,46,,,
54,47,,,
54,48,,,
54,49,,,
54,50,,,
54,51,,,
54,52,,,
54,53,,,
55,0,,,
55,1,,,
55,2,,,
55,3,,,
55,4,,,
55,5,,,
55,6,,,
55,7,,,
55,8,,,
55,9,,,
55,10,,,
55,11,79.7458,79.3262,79.536
55,12,,,
55,13,,,
55,14,,,
55,15,,,
55,16,,,
55,17,,,
55,18,,,
55,19,,,
55,20,,,
55,21,,,
55,22,,,
55,23,,,
55,24,,,
55,25,,,
55,26,,,
55,27,,,
55,28,,,
55,29,,,
55,30,,,
55,31,,,
55,32,,,
55,33,,,
55,34,,,
55,35,,,
55,36,,,
55,37,,,
55,38,,,
55,39,,,
55,40,,,
55,41,,,
55,42,,,
55,43,,,
55,44,,,
55,45,,,
55,46,,,
55,47,,,
55,48,,,
55,49,,,
55,50,,,
55,51,,,
55,52,,,
55,53,99.9453,99.9779,99.9616
55,54,,,
56,0,,,
56,1,,,
56,2,,,
56,3,,,
56,4,,,
56,5,,,
56,6,,,
56,7,,,
56,8,,,
56,9,,,
56,10,,,
56,11,,,
56,12,,,
56,13,,,
56,14,,,
56,15,,,
56,16,,,
56,17,,,
56,18,,,
56,19,,,
56,20,,,
56,21,,,
56,22,,,
56,23,,,
56,24,,,
56,25,,,
56,26,,,
56,27,,,
56,28,,,
56,29,,,
56,30,,,
56,31,,,
56,32,,,
56,33,,,
56,34,,,
56,35,,,
56,36,,,
56,37,,,
56,38,,,
56,39,,,
56,40,,,
56,41,,,
56,42,,,
56,43,,,
56,44,,,
56,45,,,
56,46,,,
56,47,,,
56,48,,,
56,49,,,
56,50,,,
56,51,,,
56,52,,,
56,53,,,
56,54,,,
56,55,,,
57,0,,,
57,1,,,
57,2,,,
57,3,,,
57,4,,,
57,5,,,
57,6,,,
57,7,84.0631,84.2409,84.152
57,8,,,
57,9,,,
57,10,,,
57,11,,,
57,12,,,
57,13,,,
57,14,,,
57,15,,,
57,16,,,
57,17,,,
57,18,,,
57,19,,,
57,20,,,
57,21,,,
57,22,,,
57,23,,,
57,24,,,
57,25,,,
57,26,,,
57,27,,,
57,28,,,
57,29,79.6449,80.1504,79.89765
57,30,,,
57,31,,,
57,32,,,
57,33,,,
57,34,,,
57,35,,,
57,36,,,
57,37,,,
57,38,,,
57,39,,,
57,40,,,
57,41,,,
57,42,,,
57,43,,,
57,44,,,
57,45,,,
57,46,,,
57,47,,,
57,48,,,
57,49,,,
57,50,,,
57,51,,,
57,52,,,
57,53,,,
57,54,,,
57,55,,,
57,56,,,
58,0,,,
58,1,80.7616,80.8081,80.78485
58,2,79.2917,79.1969,79.24430000000001
58,3,,,
58,4,,,
58,5,,,
58,6,,,
58,7,,,
58,8,80.804,80.827,80.8155
58,9,,,
58,10,,,
58,11,,,
58,12,,,
58,13,,,
58,14,,,
58,15,,,
58,16,,,
58,17,,,
58,18,,,
58,19,,,
58,20,,,
58,21,,,
58,22,,,
58,23,,,
58,24,,,
58,25,,,
58,26,,,
58,27,,,
58,28,,,
58,29,,,
58,30,,,
58,31,,,
58,32,,,
58,33,,,
58,34,,,
58,35,80.8474,80.7093,80.77834999999999
58,36,,,
58,37,,,
58,38,,,
58,39,,,
58,40,,,
58,41,,,
58,42,,,
58,43,80.894,80.8931,80.89355
58,44,81.0384,81.0745,81.05645
58,45,,,
58,46,,,
58,47,,,
58,48,81.1114,81.1378,81.1246
58,49,83.83,83.9573,83.89365000000001
58,50,,,
58,51,,,
58,52,81.0224,81.132,81.0772
58,53,,,
58,54,,,
58,55,,,
58,56,,,
58,57,,,
59,0,,,
59,1,98.3598,98.1858,98.2728
59,2,78.5113,78.6264,78.56885
59,3,,,
59,4,,,
59,5,,,
59,6,,,
59,7,,,
59,8,98.3387,98.2622,98.30045000000001
59,9,,,
59,10,,,
59,11,,,
59,12,,,
59,13,,,
59,14,,,
59,15,,,
59,16,,,
59,17,,,
59,18,,,
59,19,,,
59,20,,,
59,21,,,
59,22,,,
59,23,,,
59,24,,,
59,25,,,
59,26,,,
59,27,,,
59,28,,,
59,29,,,
59,30,,,
59,31,,,
59,32,,,
59,33,,,
59,34,,,
59,35,98.3546,98.2113,98.28295
59,36,,,
59,37,,,
59,38,,,
59,39,,,
59,40,,,
59,41,,,
59,42,,,
59,43,98.3812,98.2565,98.31885
59,44,82.3919,82.4326,82.41225
59,45,,,
59,46,,,
59,47,,,
59,48,82.2568,82.3691,82.31295
59,49,80.9166,80.9743,80.94545
59,50,,,
59,51,,,
59,52,97.3472,97.1566,97.2519
59,53,,,
59,54,,,
59,55,,,
59,56,,,
59,57,,,
59,58,80.9515,81.0189,80.98519999999999
60,0,,,
60,1,,,
60,2,,,
60,3,78.4201,78.5537,78.4869
60,4,,,
60,5,,,
60,6,,,
60,7,,,
60,8,,,
60,9,,,
60,10,78.7995,78.9341,78.8668
60,11,,,
60,12,,,
60,13,,,
60,14,,,
60,15,,,
60,16,,,
60,17,99.9629,99.7703,99.8666
60,18,79.6894,79.8775,79.78345
60,19,,,
60,20,,,
60,21,99.8687,99.8596,99.86415
60,22,,,
60,23,,,
60,24,,,
60,25,,,
60,26,78.8382,78.9778,78.908
60,27,99.9566,99.8707,99.91364999999999
60,28,,,
60,29,,,
60,30,,,
60,31,99.5637,99.8538,99.70875000000001
60,32,,,
60,33,,,
60,34,,,
60,35,,,
60,36,,,
60,37,,,
60,38,,,
60,39,,,
60,40,99.9793,99.8315,99.9054
60,41,,,
60,42,,,
60,43,,,
60,44,,,
60,45,,,
60,46,,,
60,47,,,
60,48,,,
60,49,,,
60,50,99.7787,99.7352,99.75695
60,51,,,
60,52,,,
60,53,,,
60,54,,,
60,55,,,
60,56,,,
60,57,,,
60,58,,,
60,59,,,
61,0,,,
61,1,80.886,80.7195,80.80275
61,2,79.2644,79.1581,79.21125
61,3,,,
61,4,,,
61,5,,,
61,6,,,
61,7,,,
61,8,80.8829,80.8692,80.87605
61,9,,,
61,10,,,
61,11,,,
61,12,,,
61,13,,,
61,14,,,
61,15,,,
61,16,,,
61,17,,,
61,18,,,
61,19,,,
61,20,,,
61,21,,,
61,22,,,
61,23,,,
61,24,,,
61,25,,,
61,26,,,
61,27,,,
61,28,,,
61,29,,,
61,30,,,
61,31,,,
61,32,,,
61,33,,,
61,34,,,
61,35,80.9294,80.7098,80.81960000000001
61,36,,,
61,37,,,
61,38,,,
61,39,,,
61,40,,,
61,41,,,
61,42,,,
61,43,80.973,80.8454,80.9092
61,44,81.1523,81.1148,81.13355
61,45,,,
61,46,,,
61,47,,,
61,48,81.1223,81.1853,81.15379999999999
61,49,83.8975,83.9977,83.9476
61,50,,,
61,51,,,
61,52,81.1342,81.0645,81.09935
61,53,,,
61,54,,,
61,55,,,
61,56,,,
61,57,,,
61,58,99.8897,99.9305,99.9101
61,59,81.0556,80.9141,80.98485
61,60,,,
62,0,,,
62,1,,,
62,2,,,
62,3,,,
62,4,,,
62,5,,,
62,6,,,
62,7,,,
62,8,,,
62,9,,,
62,10,,,
62,11,,,
62,12,,,
62,13,,,
62,14,99.6196,99.9702,99.79490000000001
62,15,,,
62,16,,,
62,17,,,
62,18,,,
62,19,,,
62,20,,,
62,21,,,
62,22,,,
62,23,,,
62,24,,,
62,25,,,
62,26,,,
62,27,,,
62,28,,,
62,29,,,
62,30,,,
62,31,,,
62,32,,,
62,33,,,
62,34,,,
62,35,,,
62,36,,,
62,37,,,
62,38,,,
62,39,,,
62,40,,,
62,41,,,
62,42,,,
62,43,,,
62,44,,,
62,45,,,
62,46,,,
62,47,,,
62,48,,,
62,49,,,
62,50,,,
62,51,,,
62,52,,,
62,53,,,
62,54,,,
62,55,,,
62,56,,,
62,57,,,
62,58,,,
62,59,,,
62,60,,,
62,61,,,
63,0,,,
63,1,,,
63,2,,,
63,3,,,
63,4,,,
63,5,,,
63,6,,,
63,7,,,
63,8,,,
63,9,,,
63,10,,,
63,11,,,
63,12,,,
63,13,,,
63,14,,,
63,15,95.0562,95.2117,95.13395
63,16,,,
63,17,,,
63,18,,,
63,19,,,
63,20,,,
63,21,,,
63,22,,,
63,23,,,
63,24,,,
63,25,,,
63,26,,,
63,27,,,
63,28,,,
63,29,,,
63,30,,,
63,31,,,
63,32,,,
63,33,,,
63,34,,,
63,35,,,
63,36,,,
63,37,99.9115,99.9678,99.93965
63,38,,,
63,39,,,
63,40,,,
63,41,,,
63,42,,,
63,43,,,
63,44,,,
63,45,,,
63,46,,,
63,47,,,
63,48,,,
63,49,,,
63,50,,,
63,51,,,
63,52,,,
63,53,,,
63,54,,,
63,55,,,
63,56,,,
63,57,,,
63,58,,,
63,59,,,
63,60,,,
63,61,,,
63,62,,,
64,0,,,
64,1,,,
64,2,,,
64,3,,,
64,4,,,
64,5,,,
64,6,,,
64,7,,,
64,8,,,
64,9,,,
64,10,,,
64,11,,,
64,12,99.9703,99.9768,99.97354999999999
64,13,,,
64,14,,,
64,15,,,
64,16,,,
64,17,,,
64,18,,,
64,19,,,
64,20,,,
64,21,,,
64,22,,,
64,23,,,
64,24,,,
64,25,,,
64,26,,,
64,27,,,
64,28,,,
64,29,,,
64,30,,,
64,31,,,
64,32,,,
64,33,,,
64,34,,,
64,35,,,
64,36,,,
64,37,,,
64,38,,,
64,39,,,
64,40,,,
64,41,99.9843,99.9833,99.9838
64,42,,,
64,43,,,
64,44,,,
64,45,,,
64,46,99.945,99.9875,99.96625
64,47,,,
64,48,,,
64,49,,,
64,50,,,
64,51,,,
64,52,,,
64,53,,,
64,54,,,
64,55,,,
64,56,,,
64,57,,,
64,58,,,
64,59,,,
64,60,,,
64,61,,,
64,62,,,
64,63,,,
65,0,,,
65,1,77.8446,77.7239,77.78425
65,2,77.8226,77.702,77.7623
65,3,,,
65,4,,,
65,5,,,
65,6,,,
65,7,,,
65,8,77.8477,77.9151,77.8814
65,9,,,
65,10,,,
65,11,,,
65,12,,,
65,13,,,
65,14,,,
65,15,,,
65,16,,,
65,17,,,
65,18,,,
65,19,,,
65,20,,,
65,21,,,
65,22,,,
65,23,,,
65,24,,,
65,25,,,
65,26,,,
65,27,,,
65,28,,,
65,29,,,
65,30,,,
65,31,,,
65,32,,,
65,33,,,
65,34,,,
65,35,77.8898,77.747,77.8184
65,36,,,
65,37,,,
65,38,,,
65,39,,,
65,40,,,
65,41,,,
65,42,,,
65,43,77.9567,77.6955,77.8261
65,44,77.8416,,
65,45,,,
65,46,,,
65,47,,,
65,48,,,
65,49,,77.7677,
65,50,,,
65,51,,,
65,52,77.677,77.9249,77.80095
65,53,,,
65,54,,,
65,55,,,
65,56,,,
65,57,,,
65,58,78.1519,77.8478,77.99985000000001
65,59,77.9273,77.675,77.80115
65,60,,,
65,61,78.1393,77.8887,78.01400000000001
65,62,,,
65,63,,,
65,64,,,
66,0,,,
66,1,,,
66,2,,,
66,3,,,
66,4,,,
66,5,,,
66,6,,,
66,7,,,
66,8,,,
66,9,99.9565,99.9417,99.9491
66,10,,,
66,11,,,
66,12,,,
66,13,,,
66,14,,,
66,15,,,
66,16,,,
66,17,,,
66,18,,,
66,19,,,
66,20,,,
66,21,,,
66,22,,,
66,23,,,
66,24,,,
66,25,,,
66,26,,,
66,27,,,
66,28,,,
66,29,,,
66,30,,,
66,31,,,
66,32,,,
66,33,,,
66,34,,,
66,35,,,
66,36,,,
66,37,,,
66,38,,,
66,39,,,
66,40,,,
66,41,,,
66,42,,,
66,43,,,
66,44,,,
66,45,,,
66,46,,,
66,47,,,
66,48,,,
66,49,,,
66,50,,,
66,51,,,
66,52,,,
66,53,,,
66,54,,,
66,55,,,
66,56,,,
66,57,,,
66,58,,,
66,59,,,
66,60,,,
66,61,,,
66,62,,,
66,63,,,
66,64,,,
66,65,,,
67,0,,,
67,1,,,
67,2,,,
67,3,,,
67,4,,,
67,5,,,
67,6,,,
67,7,,,
67,8,,,
67,9,,,
67,10,,,
67,11,,,
67,12,97.199,97.1101,97.15455
67,13,,,
67,14,,,
67,15,,,
67,16,,,
67,17,,,
67,18,,,
67,19,,,
67,20,,,
67,21,,,
67,22,,,
67,23,,,
67,24,,,
67,25,,,
67,26,,,
67,27,,,
67,28,,,
67,29,,,
67,30,,,
67,31,,,
67,32,,,
67,33,,,
67,34,,,
67,35,,,
67,36,,,
67,37,,,
67,38,,,
67,39,,,
67,40,,,
67,41,97.2112,97.1757,97.19345000000001
67,42,,,
67,43,,,
67,44,,,
67,45,,,
67,46,97.1864,97.1245,97.15545
67,47,,,
67,48,,,
67,49,,,
67,50,,,
67,51,,,
67,52,,,
67,53,,,
67,54,,,
67,55,,,
67,56,,,
67,57,,,
67,58,,,
67,59,,,
67,60,,,
67,61,,,
67,62,,,
67,63,,,
67,64,97.2359,97.1089,97.17240000000001
67,65,,,
67,66,,,
68,0,,,
68,1,,,
68,2,,,
68,3,,,
68,4,,,
68,5,,,
68,6,,,
68,7,,,
68,8,,,
68,9,,,
68,10,,,
68,11,,,
68,12,,,
68,13,,,
68,14,,,
68,15,,,
68,16,,,
68,17,,,
68,18,,,
68,19,,,
68,20,,,
68,21,,,
68,22,,,
68,23,,,
68,24,,,
68,25,,,
68,26,,,
68,27,,,
68,28,,,
68,29,,,
68,30,,,
68,31,,,
68,32,,,
68,33,,,
68,34,,,
68,35,,,
68,36,,,
68,37,,,
68,38,,,
68,39,,,
68,40,,,
68,41,,,
68,42,,,
68,43,,,
68,44,,,
68,45,,,
68,46,,,
68,47,,,
68,48,,,
68,49,,,
68,50,,,
68,51,,,
68,52,,,
68,53,,,
68,54,,,
68,55,,,
68,56,,,
68,57,,,
68,58,,,
68,59,,,
68,60,,,
68,61,,,
68,62,,,
68,63,,,
68,64,,,
68,65,,,
68,66,,,
68,67,,,
69,0,,,
69,1,99.9929,99.787,99.88995
69,2,78.5553,78.578,78.56665000000001
69,3,,,
69,4,,,
69,5,,,
69,6,,,
69,7,,,
69,8,99.9951,99.7892,99.89214999999999
69,9,,,
69,10,,,
69,11,,,
69,12,,,
69,13,,,
69,14,,,
69,15,,,
69,16,,,
69,17,,,
69,18,,,
69,19,,,
69,20,,,
69,21,,,
69,22,,,
69,23,,,
69,24,,,
69,25,,,
69,26,,,
69,27,,,
69,28,,,
69,29,,,
69,30,,,
69,31,,,
69,32,,,
69,33,,,
69,34,,,
69,35,99.9877,99.8478,99.91775000000001
69,36,,,
69,37,,,
69,38,,,
69,39,,,
69,40,,,
69,41,,,
69,42,,,
69,43,99.9328,99.8606,99.89670000000001
69,44,82.4937,82.4186,82.45615000000001
69,45,,,
69,46,,,
69,47,,,
69,48,82.2555,82.4135,82.33449999999999
69,49,80.7528,80.9431,80.84795
69,50,,,
69,51,,,
69,52,97.2685,97.1348,97.20165
69,53,,,
69,54,,,
69,55,,,
69,56,,,
69,57,,,
69,58,80.8302,80.9244,80.8773
69,59,98.2071,98.2919,98.2495
69,60,,,
69,61,80.9061,80.9267,80.9164
69,62,,,
69,63,,,
69,64,,,
69,65,77.648,77.8442,77.7461
69,66,,,
69,67,,,
69,68,,,
70,0,,,
70,1,,,
70,2,,,
70,3,,,
70,4,,,
70,5,,,
70,6,,,
70,7,,,
70,8,,,
70,9,,,
70,10,,,
70,11,,,
70,12,,,
70,13,,,
70,14,85.9855,85.5622,85.77385000000001
70,15,,,
70,16,,,
70,17,,,
70,18,,,
70,19,,,
70,20,,,
70,21,,,
70,22,,,
70,23,,,
70,24,,,
70,25,,,
70,26,,,
70,27,,,
70,28,,,
70,29,,,
70,30,,,
70,31,,,
70,32,,,
70,33,,,
70,34,,,
70,35,,,
70,36,,,
70,37,,,
70,38,,,
70,39,,,
70,40,,,
70,41,,,
70,42,,,
70,43,,,
70,44,,,
70,45,,,
70,46,,,
70,47,,,
70,48,,,
70,49,,,
70,50,,,
70,51,,,
70,52,,,
70,53,99.9358,99.6623,99.79905
70,54,,,
70,55,99.9601,99.6741,99.8171
70,56,,,
70,57,,,
70,58,,,
70,59,,,
70,60,,,
70,61,,,
70,62,85.8273,85.1663,85.49680000000001
70,63,,,
70,64,,,
70,65,,,
70,66,,,
70,67,,,
70,68,,,
70,69,,,
71,0,,,
71,1,,,
71,2,,,
71,3,,,
71,4,,,
71,5,,,
71,6,,,
71,7,,,
71,8,,,
71,9,,,
71,10,,,
71,11,79.7813,79.4529,79.6171
71,12,,,
71,13,,,
71,14,,,
71,15,,,
71,16,,,
71,17,,,
71,18,,,
71,19,,,
71,20,,,
71,21,,,
71,22,,,
71,23,,,
71,24,,,
71,25,,,
71,26,,,
71,27,,,
71,28,,,
71,29,,,
71,30,,,
71,31,,,
71,32,,,
71,33,,,
71,34,,,
71,35,,,
71,36,,,
71,37,,,
71,38,,,
71,39,,,
71,40,,,
71,41,,,
71,42,,,
71,43,,,
71,44,,,
71,45,,,
71,46,,,
71,47,,,
71,48,,,
71,49,,,
71,50,,,
71,51,,,
71,52,,,
71,53,99.9446,99.9698,99.9572
71,54,,,
71,55,99.9815,99.9817,99.9816
71,56,,,
71,57,,,
71,58,,,
71,59,,,
71,60,,,
71,61,,,
71,62,,,
71,63,,,
71,64,,,
71,65,,,
71,66,,,
71,67,,,
71,68,,,
71,69,,,
71,70,99.7031,99.85,99.77655
72,0,,,
72,1,,,
72,2,,,
72,3,,,
72,4,,,
72,5,,,
72,6,,,
72,7,,,
72,8,,,
72,9,,,
72,10,,,
72,11,,,
72,12,,,
72,13,,,
72,14,,,
72,15,,,
72,16,,,
72,17,,,
72,18,,,
72,19,,,
72,20,,,
72,21,,,
72,22,,,
72,23,,,
72,24,,,
72,25,,,
72,26,,,
72,27,,,
72,28,,,
72,29,,,
72,30,,,
72,31,,,
72,32,,,
72,33,,,
72,34,,,
72,35,,,
72,36,,,
72,37,,,
72,38,,,
72,39,,,
72,40,,,
72,41,,,
72,42,,,
72,43,,,
72,44,,,
72,45,,,
72,46,,,
72,47,,,
72,48,,,
72,49,,,
72,50,,,
72,51,,,
72,52,,,
72,53,,,
72,54,,,
72,55,,,
72,56,,,
72,57,,,
72,58,,,
72,59,,,
72,60,,,
72,61,,,
72,62,,,
72,63,,,
72,64,,,
72,65,,,
72,66,,,
72,67,,,
72,68,,,
72,69,,,
72,70,,,
72,71,,,
73,0,,,
73,1,,,
73,2,78.8671,78.9698,78.91845
73,3,,,
73,4,,,
73,5,,,
73,6,,,
73,7,,,
73,8,,,
73,9,,,
73,10,,,
73,11,,,
73,12,,,
73,13,,,
73,14,,,
73,15,,,
73,16,,,
73,17,,,
73,18,,,
73,19,,,
73,20,,,
73,21,,,
73,22,,,
73,23,,,
73,24,,,
73,25,,,
73,26,,,
73,27,,,
73,28,,,
73,29,,,
73,30,,,
73,31,,,
73,32,,,
73,33,,,
73,34,,,
73,35,,,
73,36,82.7299,82.6459,82.6879
73,37,,,
73,38,,,
73,39,,,
73,40,,,
73,41,,,
73,42,,,
73,43,,,
73,44,,,
73,45,,,
73,46,,,
73,47,99.9621,99.941,99.95155
73,48,,,
73,49,,,
73,50,,,
73,51,,,
73,52,,,
73,53,,,
73,54,,,
73,55,,,
73,56,,,
73,57,,,
73,58,,,
73,59,,,
73,60,,,
73,61,,,
73,62,,,
73,63,,,
73,64,,,
73,65,,,
73,66,,,
73,67,,,
73,68,,,
73,69,,,
73,70,,,
73,71,,,
73,72,,,
74,0,,,
74,1,,,
74,2,79.048,79.053,79.0505
74,3,,,
74,4,,,
74,5,,,
74,6,,,
74,7,,,
74,8,,,
74,9,,,
74,10,,,
74,11,,,
74,12,,,
74,13,,,
74,14,,,
74,15,,,
74,16,,,
74,17,,,
74,18,,,
74,19,,,
74,20,,,
74,21,,,
74,22,,,
74,23,,,
74,24,,,
74,25,,,
74,26,,,
74,27,,,
74,28,,,
74,29,,,
74,30,,,
74,31,,,
74,32,,,
74,33,,,
74,34,,,
74,35,,,
74,36,99.9757,99.8897,99.93270000000001
74,37,,,
74,38,,,
74,39,,,
74,40,,,
74,41,,,
74,42,,,
74,43,,,
74,44,,,
74,45,,,
74,46,,,
74,47,82.7555,82.8586,82.80705
74,48,,,
74,49,,,
74,50,,,
74,51,,,
74,52,,,
74,53,,,
74,54,,,
74,55,,,
74,56,,,
74,57,,,
74,58,,,
74,59,,,
74,60,,,
74,61,,,
74,62,,,
74,63,,,
74,64,,,
74,65,,,
74,66,,,
74,67,,,
74,68,,,
74,69,,,
74,70,,,
74,71,,,
74,72,,,
74,73,82.7959,82.7424,82.76915
75,0,,,
75,1,,,
75,2,,,
75,3,,,
75,4,,,
75,5,,,
75,6,,,
75,7,,,
75,8,,,
75,9,,,
75,10,,,
75,11,,,
75,12,,,
75,13,,,
75,14,,,
75,15,,,
75,16,,,
75,17,,,
75,18,,,
75,19,,,
75,20,,,
75,21,,,
75,22,,,
75,23,,,
75,24,,,
75,25,,,
75,26,,,
75,27,,,
75,28,,,
75,29,,,
75,30,,,
75,31,,,
75,32,,,
75,33,86.0125,86.0843,86.0484
75,34,,,
75,35,,,
75,36,,,
75,37,,,
75,38,,,
75,39,,,
75,40,,,
75,41,,,
75,42,,,
75,43,,,
75,44,,,
75,45,,,
75,46,,,
75,47,,,
75,48,,,
75,49,,,
75,50,,,
75,51,,,
75,52,,,
75,53,,,
75,54,,,
75,55,,,
75,56,,,
75,57,,,
75,58,,,
75,59,,,
75,60,,,
75,61,,,
75,62,,,
75,63,,,
75,64,,,
75,65,,,
75,66,,,
75,67,,,
75,68,,,
75,69,,,
75,70,,,
75,71,,,
75,72,,,
75,73,,,
75,74,,,
76,0,,,
76,1,,,
76,2,,,
76,3,,,
76,4,,,
76,5,,,
76,6,,,
76,7,,,
76,8,,,
76,9,,,
76,10,,,
76,11,,,
76,12,,,
76,13,,,
76,14,,,
76,15,,,
76,16,,,
76,17,,,
76,18,,,
76,19,,,
76,20,80.4226,80.407,80.4148
76,21,,,
76,22,,,
76,23,,,
76,24,,,
76,25,,,
76,26,,,
76,27,,,
76,28,,,
76,29,,,
76,30,,,
76,31,,,
76,32,,,
76,33,,,
76,34,,,
76,35,,,
76,36,,,
76,37,,,
76,38,,,
76,39,,,
76,40,,,
76,41,,,
76,42,,,
76,43,,,
76,44,,,
76,45,,,
76,46,,,
76,47,,,
76,48,,,
76,49,,,
76,50,,,
76,51,,,
76,52,,,
76,53,,,
76,54,,,
76,55,,,
76,56,,,
76,57,,,
76,58,,,
76,59,,,
76,60,,,
76,61,,,
76,62,,,
76,63,,,
76,64,,,
76,65,,,
76,66,,,
76,67,,,
76,68,,,
76,69,,,
76,70,,,
76,71,,,
76,72,,,
76,73,,,
76,74,,,
76,75,,,
77,0,,,
77,1,,,
77,2,,,
77,3,,,
77,4,78.251,78.4073,78.32915
77,5,,,
77,6,,,
77,7,,,
77,8,,,
77,9,,,
77,10,,,
77,11,,,
77,12,,,
77,13,,,
77,14,,,
77,15,,,
77,16,,,
77,17,,,
77,18,,,
77,19,,,
77,20,,,
77,21,,,
77,22,,,
77,23,,,
77,24,,,
77,25,,,
77,26,,,
77,27,,,
77,28,,,
77,29,,,
77,30,,,
77,31,,,
77,32,,,
77,33,,,
77,34,,,
77,35,,,
77,36,,,
77,37,,,
77,38,,,
77,39,,,
77,40,,,
77,41,,,
77,42,,,
77,43,,,
77,44,,,
77,45,,,
77,46,,,
77,47,,,
77,48,,,
77,49,,,
77,50,,,
77,51,,,
77,52,,,
77,53,,,
77,54,84.4512,84.4151,84.43315
77,55,,,
77,56,,,
77,57,,,
77,58,,,
77,59,,,
77,60,,,
77,61,,,
77,62,,,
77,63,,,
77,64,,,
77,65,,,
77,66,,,
77,67,,,
77,68,,,
77,69,,,
77,70,,,
77,71,,,
77,72,,,
77,73,,,
77,74,,,
77,75,,,
77,76,,,
78,0,,,
78,1,,,
78,2,,,
78,3,,,
78,4,,,
78,5,,,
78,6,,,
78,7,89.8075,89.6792,89.74334999999999
78,8,,,
78,9,,,
78,10,,,
78,11,,,
78,12,,,
78,13,,,
78,14,,,
78,15,,,
78,16,99.994,99.9346,99.96430000000001
78,17,,,
78,18,,,
78,19,,,
78,20,,,
78,21,,,
78,22,,,
78,23,,,
78,24,,,
78,25,,,
78,26,,,
78,27,,,
78,28,,,
78,29,,,
78,30,,,
78,31,,,
78,32,83.2038,83.2486,83.2262
78,33,,,
78,34,,,
78,35,,,
78,36,,,
78,37,,,
78,38,,,
78,39,,,
78,40,,,
78,41,,,
78,42,,,
78,43,,,
78,44,,,
78,45,,,
78,46,,,
78,47,,,
78,48,,,
78,49,,,
78,50,,,
78,51,,,
78,52,,,
78,53,,,
78,54,,,
78,55,,,
78,56,,,
78,57,,,
78,58,,,
78,59,,,
78,60,,,
78,61,,,
78,62,,,
78,63,,,
78,64,,,
78,65,,,
78,66,,,
78,67,,,
78,68,,,
78,69,,,
78,70,,,
78,71,,,
78,72,,,
78,73,,,
78,74,,,
78,75,,,
78,76,,,
78,77,,,
79,0,,,
79,1,,,
79,2,,,
79,3,78.4663,78.1856,78.32595
79,4,,,
79,5,,,
79,6,,,
79,7,,,
79,8,,,
79,9,,,
79,10,78.2904,78.3404,78.31540000000001
79,11,,,
79,12,,,
79,13,,,
79,14,,,
79,15,,,
79,16,,,
79,17,78.7441,78.6151,78.6796
79,18,78.4374,78.9636,78.7005
79,19,,,
79,20,,,
79,21,78.9231,78.6788,78.80095
79,22,,,
79,23,,,
79,24,,,
79,25,,,
79,26,78.3777,78.2708,78.32425
79,27,78.8194,78.5519,78.68565000000001
79,28,,,
79,29,,,
79,30,,,
79,31,79.2255,79.0363,79.1309
79,32,,,
79,33,,,
79,34,,,
79,35,,,
79,36,,,
79,37,,,
79,38,,,
79,39,,,
79,40,78.8241,78.745,78.78455
79,41,,,
79,42,,,
79,43,,,
79,44,,,
79,45,,,
79,46,,,
79,47,,,
79,48,,,
79,49,,,
79,50,78.9431,78.855,78.89905
79,51,,,
79,52,,,
79,53,,,
79,54,,,
79,55,,,
79,56,,,
79,57,,,
79,58,,,
79,59,,,
79,60,78.9575,78.5053,78.73140000000001
79,61,,,
79,62,,,
79,63,,,
79,64,,,
79,65,,,
79,66,,,
79,67,,,
79,68,,,
79,69,,,
79,70,,,
79,71,,,
79,72,,,
79,73,,,
79,74,,,
79,75,,,
79,76,,,
79,77,,,
79,78,,,
80,0,,,
80,1,,,
80,2,,,
80,3,78.7867,78.6795,78.73310000000001
80,4,,,
80,5,,,
80,6,,,
80,7,,,
80,8,,,
80,9,,,
80,10,99.9816,99.8677,99.92465
80,11,,,
80,12,,,
80,13,,,
80,14,,,
80,15,,,
80,16,,,
80,17,78.914,78.9035,78.90875
80,18,78.887,79.2119,79.04945000000001
80,19,,,
80,20,,,
80,21,78.8841,78.8883,78.8862
80,22,,,
80,23,,,
80,24,,,
80,25,,,
80,26,99.9661,99.8705,99.9183
80,27,78.8776,78.9276,78.9026
80,28,,,
80,29,,,
80,30,,,
80,31,79.3311,79.501,79.41605000000001
80,32,,,
80,33,,,
80,34,,,
80,35,,,
80,36,,,
80,37,,,
80,38,,,
80,39,,,
80,40,78.8485,78.7945,78.8215
80,41,,,
80,42,,,
80,43,,,
80,44,,,
80,45,,,
80,46,,,
80,47,,,
80,48,,,
80,49,,,
80,50,78.7969,79.0968,78.94685
80,51,,,
80,52,,,
80,53,,,
80,54,,,
80,55,,,
80,56,,,
80,57,,,
80,58,,,
80,59,,,
80,60,78.9871,78.8574,78.92224999999999
80,61,,,
80,62,,,
80,63,,,
80,64,,,
80,65,,,
80,66,,,
80,67,,,
80,68,,,
80,69,,,
80,70,,,
80,71,,,
80,72,,,
80,73,,,
80,74,,,
80,75,,,
80,76,,,
80,77,,,
80,78,,,
80,79,78.5866,78.3481,78.46735000000001
81,0,,,
81,1,81.1521,81.1522,81.15215
81,2,79.5612,79.6113,79.58625
81,3,,,
81,4,,,
81,5,,,
81,6,,,
81,7,,,
81,8,81.1311,80.9424,81.03675000000001
81,9,,,
81,10,,,
81,11,,,
81,12,,,
81,13,,,
81,14,,,
81,15,,,
81,16,,,
81,17,,,
81,18,,,
81,19,,,
81,20,,,
81,21,,,
81,22,,,
81,23,,,
81,24,,,
81,25,,,
81,26,,,
81,27,,,
81,28,,,
81,29,,,
81,30,,,
81,31,,,
81,32,,,
81,33,,,
81,34,,,
81,35,81.1183,81.0085,81.0634
81,36,,,
81,37,,,
81,38,,,
81,39,,,
81,40,,,
81,41,,,
81,42,,,
81,43,81.1992,81.0643,81.13175000000001
81,44,81.0019,80.9676,80.98475
81,45,,,
81,46,,,
81,47,,,
81,48,81.069,81.3431,81.20605
81,49,84.4387,84.364,84.40135000000001
81,50,,,
81,51,,,
81,52,80.9465,80.9968,80.97165
81,53,,,
81,54,,,
81,55,,,
81,56,,,
81,57,,,
81,58,85.9967,86.0664,86.03155000000001
81,59,81.1847,80.9279,81.0563
81,60,,,
81,61,86.1474,86.3049,86.22615
81,62,,,
81,63,,,
81,64,,,
81,65,77.8173,78.0356,77.92645
81,66,,,
81,67,,,
81,68,,,
81,69,81.1648,81.2132,81.189
81,70,,,
81,71,,,
81,72,,,
81,73,,,
81,74,,,
81,75,,,
81,76,,,
81,77,,,
81,78,,,
81,79,,,
81,80,,,
82,0,,,
82,1,,,
82,2,,,
82,3,,,
82,4,,,
82,5,,,
82,6,,,
82,7,,,
82,8,,,
82,9,,,
82,10,,,
82,11,,,
82,12,,,
82,13,,,
82,14,,,
82,15,,,
82,16,,,
82,17,,,
82,18,,,
82,19,,,
82,20,98.8411,99.1035,98.97229999999999
82,21,,,
82,22,,,
82,23,,,
82,24,,,
82,25,,,
82,26,,,
82,27,,,
82,28,,,
82,29,,,
82,30,,,
82,31,,,
82,32,,,
82,33,,,
82,34,,,
82,35,,,
82,36,,,
82,37,,,
82,38,,,
82,39,,,
82,40,,,
82,41,,,
82,42,,,
82,43,,,
82,44,,,
82,45,,,
82,46,,,
82,47,,,
82,48,,,
82,49,,,
82,50,,,
82,51,,,
82,52,,,
82,53,,,
82,54,,,
82,55,,,
82,56,,,
82,57,,,
82,58,,,
82,59,,,
82,60,,,
82,61,,,
82,62,,,
82,63,,,
82,64,,,
82,65,,,
82,66,,,
82,67,,,
82,68,,,
82,69,,,
82,70,,,
82,71,,,
82,72,,,
82,73,,,
82,74,,,
82,75,,,
82,76,80.1374,80.2403,80.18885
82,77,,,
82,78,,,
82,79,,,
82,80,,,
82,81,,,
83,0,,,
83,1,,,
83,2,,,
83,3,78.7598,78.6385,78.69915
83,4,,,
83,5,,,
83,6,,,
83,7,,,
83,8,,,
83,9,,,
83,10,79.3379,79.2271,79.2825
83,11,,,
83,12,,,
83,13,,,
83,14,,,
83,15,,,
83,16,,,
83,17,99.9849,99.5998,99.79235
83,18,80.1177,80.306,80.21185
83,19,,,
83,20,,,
83,21,99.9523,99.7166,99.83445
83,22,,,
83,23,,,
83,24,,,
83,25,,,
83,26,79.2297,79.3259,79.2778
83,27,99.9927,99.5565,99.77459999999999
83,28,,,
83,29,,,
83,30,,,
83,31,99.6411,99.7702,99.70564999999999
83,32,,,
83,33,,,
83,34,,,
83,35,,,
83,36,,,
83,37,,,
83,38,,,
83,39,,,
83,40,99.9858,99.6255,99.80565
83,41,,,
83,42,,,
83,43,,,
83,44,,,
83,45,,,
83,46,,,
83,47,,,
83,48,,,
83,49,,,
83,50,99.8184,99.6275,99.72295
83,51,,,
83,52,,,
83,53,,,
83,54,,,
83,55,,,
83,56,,,
83,57,,,
83,58,,,
83,59,,,
83,60,99.9019,99.6429,99.7724
83,61,,,
83,62,,,
83,63,,,
83,64,,,
83,65,,,
83,66,,,
83,67,,,
83,68,,,
83,69,,,
83,70,,,
83,71,,,
83,72,,,
83,73,,,
83,74,,,
83,75,,,
83,76,,,
83,77,,,
83,78,,,
83,79,79.216,79.3381,79.27705
83,80,79.3655,79.1519,79.2587
83,81,,,
83,82,,,
84,0,,,
84,1,,,
84,2,,,
84,3,78.8818,78.7617,78.82175000000001
84,4,,,
84,5,,,
84,6,,,
84,7,,,
84,8,,,
84,9,,,
84,10,98.9517,98.6652,98.80845
84,11,,,
84,12,,,
84,13,,,
84,14,,,
84,15,,,
84,16,,,
84,17,79.081,79.0522,79.0666
84,18,79.3455,79.3417,79.34360000000001
84,19,,,
84,20,,,
84,21,79.216,79.2106,79.2133
84,22,,,
84,23,,,
84,24,,,
84,25,,,
84,26,98.9903,98.7662,98.87825000000001
84,27,79.2511,79.2578,79.25444999999999
84,28,,,
84,29,,,
84,30,,,
84,31,79.5386,79.5513,79.54495
84,32,,,
84,33,,,
84,34,,,
84,35,,,
84,36,,,
84,37,,,
84,38,,,
84,39,,,
84,40,79.0405,78.9621,79.0013
84,41,,,
84,42,,,
84,43,,,
84,44,,,
84,45,,,
84,46,,,
84,47,,,
84,48,,,
84,49,,,
84,50,79.0156,79.4921,79.25385
84,51,,,
84,52,,,
84,53,,,
84,54,,,
84,55,,,
84,56,,,
84,57,,,
84,58,,,
84,59,,,
84,60,79.3805,79.2017,79.2911
84,61,,,
84,62,,,
84,63,,,
84,64,,,
84,65,,,
84,66,,,
84,67,,,
84,68,,,
84,69,,,
84,70,,,
84,71,,,
84,72,,,
84,73,,,
84,74,,,
84,75,,,
84,76,,,
84,77,,,
84,78,,,
84,79,78.6698,78.8477,78.75874999999999
84,80,98.9231,98.7824,98.85275
84,81,,,
84,82,,,
84,83,79.4525,79.4145,79.43350000000001
85,0,,,
85,1,,,
85,2,,,
85,3,,,
85,4,,,
85,5,,,
85,6,,,
85,7,,,
85,8,,,
85,9,,,
85,10,,,
85,11,79.2172,78.8992,79.0582
85,12,,,
85,13,,,
85,14,,,
85,15,,,
85,16,,,
85,17,,,
85,18,,,
85,19,,,
85,20,,,
85,21,,,
85,22,,,
85,23,,,
85,24,90.7273,90.6228,90.67505
85,25,,,
85,26,,,
85,27,,,
85,28,90.5287,90.5604,90.54455
85,29,,,
85,30,,,
85,31,,,
85,32,,,
85,33,,,
85,34,,,
85,35,,,
85,36,,,
85,37,,,
85,38,,,
85,39,,,
85,40,,,
85,41,,,
85,42,,,
85,43,,,
85,44,,,
85,45,,,
85,46,,,
85,47,,,
85,48,,,
85,49,,,
85,50,,,
85,51,,,
85,52,,,
85,53,,,
85,54,,,
85,55,,,
85,56,,,
85,57,,,
85,58,,,
85,59,,,
85,60,,,
85,61,,,
85,62,,,
85,63,,,
85,64,,,
85,65,,,
85,66,,,
85,67,,,
85,68,,,
85,69,,,
85,70,,,
85,71,,,
85,72,,,
85,73,,,
85,74,,,
85,75,,,
85,76,,,
85,77,,,
85,78,,,
85,79,,,
85,80,,,
85,81,,,
85,82,,,
85,83,,,
85,84,,,
86,0,,,
86,1,,,
86,2,,,
86,3,,,
86,4,,,
86,5,,,
86,6,,,
86,7,,,
86,8,,,
86,9,,,
86,10,,,
86,11,,,
86,12,,,
86,13,,,
86,14,,,
86,15,,,
86,16,,,
86,17,,,
86,18,,,
86,19,,,
86,20,,,
86,21,,,
86,22,,,
86,23,,,
86,24,,,
86,25,,,
86,26,,,
86,27,,,
86,28,,,
86,29,,,
86,30,,,
86,31,,,
86,32,,,
86,33,,,
86,34,,,
86,35,,,
86,36,,,
86,37,,,
86,38,,,
86,39,,,
86,40,,,
86,41,,,
86,42,,,
86,43,,,
86,44,,,
86,45,,,
86,46,,,
86,47,,,
86,48,,,
86,49,,,
86,50,,,
86,51,79.3456,79.5386,79.44210000000001
86,52,,,
86,53,,,
86,54,,,
86,55,,,
86,56,,,
86,57,,,
86,58,,,
86,59,,,
86,60,,,
86,61,,,
86,62,,,
86,63,,,
86,64,,,
86,65,,,
86,66,,,
86,67,,,
86,68,,,
86,69,,,
86,70,,,
86,71,,,
86,72,,,
86,73,,,
86,74,,,
86,75,,,
86,76,,,
86,77,,,
86,78,,,
86,79,,,
86,80,,,
86,81,,,
86,82,,,
86,83,,,
86,84,,,
86,85,,,
87,0,,,
87,1,,,
87,2,,,
87,3,78.9263,78.7748,78.85055
87,4,,,
87,5,,,
87,6,,,
87,7,,,
87,8,,,
87,9,,,
87,10,78.7225,79.0132,78.86785
87,11,,,
87,12,,,
87,13,,,
87,14,,,
87,15,,,
87,16,,,
87,17,96.9475,96.8616,96.90455
87,18,79.7264,79.8846,79.8055
87,19,,,
87,20,,,
87,21,96.866,96.9895,96.92775
87,22,,,
87,23,,,
87,24,,,
87,25,,,
87,26,78.7484,78.8527,78.80055
87,27,96.9556,96.9404,96.94800000000001
87,28,,,
87,29,,,
87,30,,,
87,31,96.803,97.1142,96.95859999999999
87,32,,,
87,33,,,
87,34,,,
87,35,,,
87,36,,,
87,37,,,
87,38,,,
87,39,,,
87,40,96.956,96.7748,96.8654
87,41,,,
87,42,,,
87,43,,,
87,44,,,
87,45,,,
87,46,,,
87,47,,,
87,48,,,
87,49,,,
87,50,96.8474,96.8707,96.85905
87,51,,,
87,52,,,
87,53,,,
87,54,,,
87,55,,,
87,56,,,
87,57,,,
87,58,,,
87,59,,,
87,60,96.8343,96.8502,96.84225
87,61,,,
87,62,,,
87,63,,,
87,64,,,
87,65,,,
87,66,,,
87,67,,,
87,68,,,
87,69,,,
87,70,,,
87,71,,,
87,72,,,
87,73,,,
87,74,,,
87,75,,,
87,76,,,
87,77,,,
87,78,,,
87,79,78.2949,78.1918,78.24334999999999
87,80,78.8269,78.8407,78.8338
87,81,,,
87,82,,,
87,83,96.6355,97.015,96.82525
87,84,79.3001,79.2562,79.27815000000001
87,85,,,
87,86,,,
