genomeset,k,prefix_len,prefix_version,base_prefix,prefix,ngenomes,npairs,ani_both_reported,ani_either_reported,pearson,spearman
set1,7,4,0,ATGACTG,ATGA,492,120786,120786,120786,-0.8300375985653778,-0.8722428999916945
set1,7,5,0,ATGACTG,ATGAC,492,120786,120786,120786,-0.8641188093425405,-0.959048051761665
set1,7,6,0,ATGACTG,ATGACT,492,120786,120786,120786,-0.8275395620723042,-0.9620954716207306
set1,7,7,0,ATGACTG,ATGACTG,492,120786,120786,120786,-0.814191882384657,-0.9658277490438143
set1,9,4,0,ATGACTG,ATGA,492,120786,120786,120786,-0.8510669874279075,-0.9645501796101856
set1,9,5,0,ATGACTG,ATGAC,492,120786,120786,120786,-0.8542930051746777,-0.9734835509021459
set1,9,6,0,ATGACTG,ATGACT,492,120786,120786,120786,-0.8178507215104551,-0.9718645314139128
set1,9,7,0,ATGACTG,ATGACTG,492,120786,120786,120786,-0.7959757056822104,-0.9680176466347387
set1,11,4,0,ATGACTG,ATGA,492,120786,120786,120786,-0.8402449911244508,-0.9722644969887336
set1,11,5,0,ATGACTG,ATGAC,492,120786,120786,120786,-0.8438052650310041,-0.9766544957580808
set1,11,6,0,ATGACTG,ATGACT,492,120786,120786,120786,-0.809561713499607,-0.9722788749111403
set1,11,7,0,ATGACTG,ATGACTG,492,120786,120786,120786,-0.7881008661889211,-0.9695761949300056
set1,13,4,0,ATGACTG,ATGA,492,120786,120786,120786,-0.8317928683225871,-0.9742949049823083
set1,13,5,0,ATGACTG,ATGAC,492,120786,120786,120786,-0.8312076937676093,-0.9782469323135395
set1,13,6,0,ATGACTG,ATGACT,492,120786,120786,120786,-0.8014115509786728,-0.9733327568524378
set1,13,7,0,ATGACTG,ATGACTG,492,120786,120786,120786,-0.7809381198096002,-0.9703702800970354
set1,15,4,0,ATGACTG,ATGA,492,120786,120786,120786,-0.8224208565895071,-0.976160426003792
set1,15,5,0,ATGACTG,ATGAC,492,120786,120786,120786,-0.8225451532667657,-0.979618788438242
set1,15,6,0,ATGACTG,ATGACT,492,120786,120786,120786,-0.7928095737673093,-0.9759818292595595
set1,15,7,0,ATGACTG,ATGACTG,492,120786,120786,120786,-0.7766385500705849,-0.9705592396614832
set1,17,4,0,ATGACTG,ATGA,492,120786,120786,120786,-0.8114117305772898,-0.9779233844301956
set1,17,5,0,ATGACTG,ATGAC,492,120786,120786,120786,-0.8137738732713211,-0.9805458173488257
set1,17,6,0,ATGACTG,ATGACT,492,120786,120786,120786,-0.785188369930436,-0.9776206502179696
set1,17,7,0,ATGACTG,ATGACTG,492,120786,120786,120786,-0.7694984604949401,-0.9710644688266491
set2,7,4,0,ATGACTG,ATGA,70,2415,134,135,-0.7943498499465722,-0.8557673364665868
set2,7,5,0,ATGACTG,ATGAC,70,2415,134,135,-0.9092425297556205,-0.9031751257135693
set2,7,6,0,ATGACTG,ATGACT,70,2415,134,135,-0.9192697643656419,-0.9075558581437011
set2,7,7,0,ATGACTG,ATGACTG,70,2415,134,135,-0.9094030607489552,-0.940651442752675
set2,9,4,0,ATGACTG,ATGA,70,2415,134,135,-0.9235207418701897,-0.8877004414765262
set2,9,5,0,ATGACTG,ATGAC,70,2415,134,135,-0.9217308832492838,-0.9097542792670869
set2,9,6,0,ATGACTG,ATGACT,70,2415,134,135,-0.9101849223840746,-0.9503874192326529
set2,9,7,0,ATGACTG,ATGACTG,70,2415,134,135,-0.9011049487772033,-0.9565350757620339
set2,11,4,0,ATGACTG,ATGA,70,2415,134,135,-0.9181606399263735,-0.9287585592129934
set2,11,5,0,ATGACTG,ATGAC,70,2415,134,135,-0.9167203624933798,-0.968186812159726
set2,11,6,0,ATGACTG,ATGACT,70,2415,134,135,-0.9030304665272669,-0.968865535591062
set2,11,7,0,ATGACTG,ATGACTG,70,2415,134,135,-0.889360692584081,-0.9613230322571645
set2,13,4,0,ATGACTG,ATGA,70,2415,134,135,-0.9120940087773095,-0.9667843767554135
set2,13,5,0,ATGACTG,ATGAC,70,2415,134,135,-0.9070179226179426,-0.9772457486013734
set2,13,6,0,ATGACTG,ATGACT,70,2415,134,135,-0.8950043388271475,-0.9722880333902589
set2,13,7,0,ATGACTG,ATGACTG,70,2415,134,135,-0.8828927327776158,-0.9667820484879085
set2,15,4,0,ATGACTG,ATGA,70,2415,134,135,-0.9038437302527598,-0.9773742121031772
set2,15,5,0,ATGACTG,ATGAC,70,2415,134,135,-0.9000468205316983,-0.9780363117222817
set2,15,6,0,ATGACTG,ATGACT,70,2415,134,135,-0.8849900478420932,-0.975481290919445
set2,15,7,0,ATGACTG,ATGACTG,70,2415,134,135,-0.8750959332926902,-0.9564124435681013
set2,17,4,0,ATGACTG,ATGA,70,2415,134,135,-0.893676567319066,-0.9793243286920945
set2,17,5,0,ATGACTG,ATGAC,70,2415,134,135,-0.891308565249382,-0.981235832470272
set2,17,6,0,ATGACTG,ATGACT,70,2415,134,135,-0.8787260735794279,-0.9819238366094029
set2,17,7,0,ATGACTG,ATGACTG,70,2415,134,135,-0.8653206345791185,-0.9630391662568805
set3,7,4,0,ATGACTG,ATGA,88,3828,282,284,-0.8865668090011528,-0.7938443246117052
set3,7,5,0,ATGACTG,ATGAC,88,3828,282,284,-0.9422497033458822,-0.8451233381261475
set3,7,6,0,ATGACTG,ATGACT,88,3828,282,284,-0.9495486781673806,-0.705111479532229
set3,7,7,0,ATGACTG,ATGACTG,88,3828,282,284,-0.953016110020612,-0.8719151309860939
set3,9,4,0,ATGACTG,ATGA,88,3828,282,284,-0.946622169762536,-0.7050050060158283
set3,9,5,0,ATGACTG,ATGAC,88,3828,282,284,-0.9489103182191482,-0.9288281219034363
set3,9,6,0,ATGACTG,ATGACT,88,3828,282,284,-0.9497558645963008,-0.9193590098341273
set3,9,7,0,ATGACTG,ATGACTG,88,3828,282,284,-0.9494858303114481,-0.9216057750517109
set3,11,4,0,ATGACTG,ATGA,88,3828,282,284,-0.94806760145784,-0.8595183398988339
set3,11,5,0,ATGACTG,ATGAC,88,3828,282,284,-0.9453840401502435,-0.9686188341364662
set3,11,6,0,ATGACTG,ATGACT,88,3828,282,284,-0.9471150336056635,-0.9451450124349164
set3,11,7,0,ATGACTG,ATGACTG,88,3828,282,284,-0.9448141846884689,-0.9411528009530831
set3,13,4,0,ATGACTG,ATGA,88,3828,282,284,-0.9450478755081946,-0.968513628602419
set3,13,5,0,ATGACTG,ATGAC,88,3828,282,284,-0.9406952595690575,-0.9725000860188001
set3,13,6,0,ATGACTG,ATGACT,88,3828,282,284,-0.9432315296194268,-0.9497756282379785
set3,13,7,0,ATGACTG,ATGACTG,88,3828,282,284,-0.942014909313419,-0.9427434544103321
set3,15,4,0,ATGACTG,ATGA,88,3828,282,284,-0.9412788979535229,-0.9743696331981214
set3,15,5,0,ATGACTG,ATGAC,88,3828,282,284,-0.9373540353208443,-0.9727552803305063
set3,15,6,0,ATGACTG,ATGACT,88,3828,282,284,-0.9385383721929031,-0.9536257906533252
set3,15,7,0,ATGACTG,ATGACTG,88,3828,282,284,-0.9375534867257351,-0.9395667088092728
set3,17,4,0,ATGACTG,ATGA,88,3828,282,284,-0.9364448187908305,-0.9790794844306616
set3,17,5,0,ATGACTG,ATGAC,88,3828,282,284,-0.9330360210104012,-0.9778523894046033
set3,17,6,0,ATGACTG,ATGACT,88,3828,282,284,-0.9351732627409254,-0.955421404689338
set3,17,7,0,ATGACTG,ATGACTG,88,3828,282,284,-0.932188450538092,-0.9269188386118633
set4,7,4,0,ATGACTG,ATGA,604,182106,86259,86263,-0.9187953379726516,-0.7995785493710993
set4,7,5,0,ATGACTG,ATGAC,604,182106,86259,86263,-0.9641401651364729,-0.8982082665274168
set4,7,6,0,ATGACTG,ATGACT,604,182106,86259,86263,-0.955023824934696,-0.8958433058514937
set4,7,7,0,ATGACTG,ATGACTG,604,182106,86259,86263,-0.94960940994731,-0.876955735569698
set4,9,4,0,ATGACTG,ATGA,604,182106,86259,86263,-0.9656665492992218,-0.9321189246472569
set4,9,5,0,ATGACTG,ATGAC,604,182106,86259,86263,-0.967870891853973,-0.9451701628310994
set4,9,6,0,ATGACTG,ATGACT,604,182106,86259,86263,-0.9507655271776408,-0.903913790783439
set4,9,7,0,ATGACTG,ATGACTG,604,182106,86259,86263,-0.9452349721724097,-0.906967493244896
set4,11,4,0,ATGACTG,ATGA,604,182106,86259,86263,-0.963053921100817,-0.9721140901815066
set4,11,5,0,ATGACTG,ATGAC,604,182106,86259,86263,-0.9648932416739493,-0.9786569203348072
set4,11,6,0,ATGACTG,ATGACT,604,182106,86259,86263,-0.9468053443725871,-0.9300539302566881
set4,11,7,0,ATGACTG,ATGACTG,604,182106,86259,86263,-0.9398017761465103,-0.9140265366706721
set4,13,4,0,ATGACTG,ATGA,604,182106,86259,86263,-0.9601081858266506,-0.9769579100654303
set4,13,5,0,ATGACTG,ATGAC,604,182106,86259,86263,-0.9602669347904726,-0.9637693337426726
set4,13,6,0,ATGACTG,ATGACT,604,182106,86259,86263,-0.9431473021661854,-0.9107440232064115
set4,13,7,0,ATGACTG,ATGACTG,604,182106,86259,86263,-0.9364038316337265,-0.9006233772807151
set4,15,4,0,ATGACTG,ATGA,604,182106,86259,86263,-0.9564749498280956,-0.9765575602066224
set4,15,5,0,ATGACTG,ATGAC,604,182106,86259,86263,-0.9573280708056665,-0.9566481363216068
set4,15,6,0,ATGACTG,ATGACT,604,182106,86259,86263,-0.9390132713231726,-0.9143192752759872
set4,15,7,0,ATGACTG,ATGACTG,604,182106,86259,86263,-0.9330920997742674,-0.8902265221986182
set4,17,4,0,ATGACTG,ATGA,604,182106,86259,86263,-0.9520752495033381,-0.9690571044795789
set4,17,5,0,ATGACTG,ATGAC,604,182106,86259,86263,-0.9537707043127542,-0.9628164100121295
set4,17,6,0,ATGACTG,ATGACT,604,182106,86259,86263,-0.9351796974404248,-0.9067721845333563
set4,17,7,0,ATGACTG,ATGACTG,604,182106,86259,86263,-0.9296677324960325,-0.9371447234932251
